Country,Year,Cereal import dependency ratio (percent) (3-year average)
Afghanistan,2001,34.1
Afghanistan,2002,29.4
Afghanistan,2003,21.1
Afghanistan,2004,18.5
Afghanistan,2005,19.2
Afghanistan,2006,20.2
Afghanistan,2007,23.4
Afghanistan,2008,25.7
Afghanistan,2009,27.5
Afghanistan,2010,29.6
Afghanistan,2011,27.7
Afghanistan,2012,27.3
Afghanistan,2013,22.3
Afghanistan,2014,25.2
Afghanistan,2015,29.2
Afghanistan,2016,37.4
Afghanistan,2017,43.9
Afghanistan,2018,43.1
Afghanistan,2019,39.4
Afghanistan,2020,37.7
Afghanistan,2021,42.6
Afghanistan,2022,46.1
Albania,2001,47
Albania,2002,49.2
Albania,2003,51.7
Albania,2004,51
Albania,2005,50.9
Albania,2006,50.6
Albania,2007,48.6
Albania,2008,45.5
Albania,2009,44
Albania,2010,45
Albania,2011,46.1
Albania,2012,45.6
Albania,2013,45.1
Albania,2014,45.7
Albania,2015,46.4
Albania,2016,45.8
Albania,2017,45.9
Albania,2018,46.1
Albania,2019,47.2
Albania,2020,43.8
Albania,2021,39.3
Albania,2022,36.4
Algeria,2001,79.7
Algeria,2002,74
Algeria,2003,72.8
Algeria,2004,70.1
Algeria,2005,70.5
Algeria,2006,70.6
Algeria,2007,73.1
Algeria,2008,72.8
Algeria,2009,74.8
Algeria,2010,70
Algeria,2011,69.8
Algeria,2012,68.1
Algeria,2013,70.2
Algeria,2014,72.9
Algeria,2015,76.6
Algeria,2016,77.4
Algeria,2017,74.3
Algeria,2018,72.5
Algeria,2019,71.9
Algeria,2020,80.6
Algeria,2021,81.2
Algeria,2022,83.9
Angola,2001,57.1
Angola,2002,57.3
Angola,2003,60.6
Angola,2004,60.9
Angola,2005,61.8
Angola,2006,59.3
Angola,2007,60
Angola,2008,58.3
Angola,2009,57
Angola,2010,52.1
Angola,2011,65.3
Angola,2012,63.3
Angola,2013,63.8
Angola,2014,48.8
Angola,2015,46.6
Angola,2016,43.8
Angola,2017,41.8
Angola,2018,41.9
Angola,2019,40.8
Angola,2020,39.9
Angola,2021,37.9
Angola,2022,35.7
Antigua and Barbuda,2001,94.5
Antigua and Barbuda,2002,94.6
Antigua and Barbuda,2003,100
Antigua and Barbuda,2004,100
Antigua and Barbuda,2005,100
Antigua and Barbuda,2006,100
Antigua and Barbuda,2007,100
Antigua and Barbuda,2008,100
Antigua and Barbuda,2009,100
Antigua and Barbuda,2010,100
Antigua and Barbuda,2011,100
Antigua and Barbuda,2012,95.7
Antigua and Barbuda,2013,95.5
Antigua and Barbuda,2014,91.4
Antigua and Barbuda,2015,93.6
Antigua and Barbuda,2016,93.6
Antigua and Barbuda,2017,97.8
Antigua and Barbuda,2018,97.8
Antigua and Barbuda,2019,100
Antigua and Barbuda,2020,100
Antigua and Barbuda,2021,100
Antigua and Barbuda,2022,100
Argentina,2001,-172.3
Argentina,2002,-164.4
Argentina,2003,-162.2
Argentina,2004,-171.6
Argentina,2005,-172.4
Argentina,2006,-178.8
Argentina,2007,-183.5
Argentina,2008,-187.5
Argentina,2009,-189.4
Argentina,2010,-168.2
Argentina,2011,-507.7
Argentina,2012,-478
Argentina,2013,-456.6
Argentina,2014,-93.1
Argentina,2015,-139.8
Argentina,2016,-151.4
Argentina,2017,-166.3
Argentina,2018,-132.5
Argentina,2019,-135.9
Argentina,2020,-141.5
Argentina,2021,-137.7
Argentina,2022,-128.2
Armenia,2001,61.7
Armenia,2002,53.9
Armenia,2003,53.6
Armenia,2004,51.3
Armenia,2005,55.2
Armenia,2006,62.2
Armenia,2007,60.7
Armenia,2008,61.5
Armenia,2009,57.3
Armenia,2010,56.8
Armenia,2011,52.9
Armenia,2012,47.1
Armenia,2013,44.8
Armenia,2014,41.8
Armenia,2015,41.2
Armenia,2016,50.1
Armenia,2017,57.3
Armenia,2018,74.8
Armenia,2019,76.5
Armenia,2020,86.3
Armenia,2021,77.8
Armenia,2022,75
Australia,2001,-194.9
Australia,2002,-152.3
Australia,2003,-163.5
Australia,2004,-145.9
Australia,2005,-164.9
Australia,2006,-118.2
Australia,2007,-105.5
Australia,2008,-112.3
Australia,2009,-150.4
Australia,2010,-159
Australia,2011,-199.9
Australia,2012,-233.2
Australia,2013,-259.6
Australia,2014,-226.5
Australia,2015,-203
Australia,2016,-184.6
Australia,2017,-175.8
Australia,2018,-131.2
Australia,2019,-127.1
Australia,2020,-163.2
Australia,2021,-213.8
Australia,2022,-241.6
Austria,2001,-6.4
Austria,2002,-6.5
Austria,2003,-4.8
Austria,2004,-5.5
Austria,2005,-4.6
Austria,2006,-5.3
Austria,2007,-4.2
Austria,2008,-1.4
Austria,2009,2.2
Austria,2010,7.5
Austria,2011,8.3
Austria,2012,11
Austria,2013,11.5
Austria,2014,15.2
Austria,2015,14.1
Austria,2016,16.1
Austria,2017,16.5
Austria,2018,18.7
Austria,2019,19.4
Austria,2020,20.1
Austria,2021,19.9
Austria,2022,20.4
Azerbaijan,2001,29
Azerbaijan,2002,28
Azerbaijan,2003,32.1
Azerbaijan,2004,36.1
Azerbaijan,2005,38.2
Azerbaijan,2006,39.2
Azerbaijan,2007,40.1
Azerbaijan,2008,36.7
Azerbaijan,2009,40.6
Azerbaijan,2010,41.1
Azerbaijan,2011,44.2
Azerbaijan,2012,39.4
Azerbaijan,2013,40.3
Azerbaijan,2014,39.7
Azerbaijan,2015,39.2
Azerbaijan,2016,37
Azerbaijan,2017,34.6
Azerbaijan,2018,33.5
Azerbaijan,2019,32.9
Azerbaijan,2020,33.7
Azerbaijan,2021,34.4
Azerbaijan,2022,34.1
Bahamas,2001,100
Bahamas,2002,96.7
Bahamas,2003,91
Bahamas,2004,93.7
Bahamas,2005,96.7
Bahamas,2006,100
Bahamas,2007,99
Bahamas,2008,99
Bahamas,2009,98.1
Bahamas,2010,100
Bahamas,2011,96.3
Bahamas,2012,94.5
Bahamas,2013,96.6
Bahamas,2014,99.7
Bahamas,2015,100
Bahamas,2016,100
Bahamas,2017,100
Bahamas,2018,100
Bahamas,2019,98.8
Bahamas,2020,98.8
Bahamas,2021,98.3
Bahamas,2022,98.4
Bangladesh,2001,9.3
Bangladesh,2002,10.6
Bangladesh,2003,10.8
Bangladesh,2004,10.9
Bangladesh,2005,9.8
Bangladesh,2006,9.8
Bangladesh,2007,9
Bangladesh,2008,8.9
Bangladesh,2009,8.2
Bangladesh,2010,9.3
Bangladesh,2011,7.8
Bangladesh,2012,7
Bangladesh,2013,6.4
Bangladesh,2014,8.1
Bangladesh,2015,9.7
Bangladesh,2016,12.2
Bangladesh,2017,13.1
Bangladesh,2018,12.4
Bangladesh,2019,12.1
Bangladesh,2020,13.6
Bangladesh,2021,16.1
Bangladesh,2022,16
Barbados,2001,100
Barbados,2002,100
Barbados,2003,100
Barbados,2004,100
Barbados,2005,100
Barbados,2006,100
Barbados,2007,100
Barbados,2008,100
Barbados,2009,99
Barbados,2010,96.6
Barbados,2011,96.1
Barbados,2012,99.4
Barbados,2013,100
Barbados,2014,100
Barbados,2015,100
Barbados,2016,100
Barbados,2017,100
Barbados,2018,100
Barbados,2019,100
Barbados,2020,100
Barbados,2021,100
Barbados,2022,100
Belarus,2001,20
Belarus,2002,9.8
Belarus,2003,10
Belarus,2004,9.1
Belarus,2005,10.9
Belarus,2006,9.6
Belarus,2007,8.3
Belarus,2008,6
Belarus,2009,3.6
Belarus,2010,2.1
Belarus,2011,2.8
Belarus,2012,3.2
Belarus,2013,3.8
Belarus,2014,2.1
Belarus,2015,-0.2
Belarus,2016,0.3
Belarus,2017,4
Belarus,2018,10
Belarus,2019,10
Belarus,2020,7.4
Belarus,2021,4.1
Belarus,2022,3.9
Belgium,2001,56.5
Belgium,2002,55.6
Belgium,2003,50.2
Belgium,2004,47
Belgium,2005,46.4
Belgium,2006,50.5
Belgium,2007,51.4
Belgium,2008,52.9
Belgium,2009,59.6
Belgium,2010,67.4
Belgium,2011,73.6
Belgium,2012,75
Belgium,2013,73
Belgium,2014,71.8
Belgium,2015,70.9
Belgium,2016,73
Belgium,2017,75.3
Belgium,2018,72.9
Belgium,2019,72.1
Belgium,2020,71.3
Belgium,2021,72.8
Belgium,2022,71.7
Belize,2001,34.6
Belize,2002,35.6
Belize,2003,35.3
Belize,2004,35.4
Belize,2005,32.5
Belize,2006,32.4
Belize,2007,29.5
Belize,2008,29.8
Belize,2009,24.7
Belize,2010,19.3
Belize,2011,11.8
Belize,2012,10.6
Belize,2013,13.2
Belize,2014,18.9
Belize,2015,20
Belize,2016,16.5
Belize,2017,13.9
Belize,2018,16.6
Belize,2019,17.9
Belize,2020,16.7
Belize,2021,13.4
Belize,2022,13.2
Benin,2001,13
Benin,2002,17.1
Benin,2003,18.9
Benin,2004,21.7
Benin,2005,31.9
Benin,2006,41
Benin,2007,46.2
Benin,2008,39.7
Benin,2009,31.1
Benin,2010,31.4
Benin,2011,34.5
Benin,2012,39.8
Benin,2013,44.2
Benin,2014,47.1
Benin,2015,52.9
Benin,2016,53.2
Benin,2017,50.4
Benin,2018,47
Benin,2019,42.4
Benin,2020,43.4
Benin,2021,46.7
Benin,2022,49.9
Bhutan,2020,68.4
Bhutan,2021,71.9
Bhutan,2022,74.2
Bolivia (Plurinational State of),2001,28.9
Bolivia (Plurinational State of),2002,29.2
Bolivia (Plurinational State of),2003,27.6
Bolivia (Plurinational State of),2004,25.6
Bolivia (Plurinational State of),2005,20.8
Bolivia (Plurinational State of),2006,20.4
Bolivia (Plurinational State of),2007,19.7
Bolivia (Plurinational State of),2008,20.4
Bolivia (Plurinational State of),2009,19.1
Bolivia (Plurinational State of),2010,19
Bolivia (Plurinational State of),2011,17.8
Bolivia (Plurinational State of),2012,16.7
Bolivia (Plurinational State of),2013,16.7
Bolivia (Plurinational State of),2014,14.7
Bolivia (Plurinational State of),2015,16.9
Bolivia (Plurinational State of),2016,19
Bolivia (Plurinational State of),2017,20.7
Bolivia (Plurinational State of),2018,19.6
Bolivia (Plurinational State of),2019,17.8
Bolivia (Plurinational State of),2020,16.3
Bolivia (Plurinational State of),2021,15
Bolivia (Plurinational State of),2022,11
Bosnia and Herzegovina,2001,36.3
Bosnia and Herzegovina,2002,31.7
Bosnia and Herzegovina,2003,29.4
Bosnia and Herzegovina,2004,29
Bosnia and Herzegovina,2005,35.1
Bosnia and Herzegovina,2006,38
Bosnia and Herzegovina,2007,37.4
Bosnia and Herzegovina,2008,36.1
Bosnia and Herzegovina,2009,40.3
Bosnia and Herzegovina,2010,45.4
Bosnia and Herzegovina,2011,54.5
Bosnia and Herzegovina,2012,50.7
Bosnia and Herzegovina,2013,51
Bosnia and Herzegovina,2014,48
Bosnia and Herzegovina,2015,45.5
Bosnia and Herzegovina,2016,44.5
Bosnia and Herzegovina,2017,39.2
Bosnia and Herzegovina,2018,39.1
Bosnia and Herzegovina,2019,32.8
Bosnia and Herzegovina,2020,33.3
Bosnia and Herzegovina,2021,32.3
Bosnia and Herzegovina,2022,36.6
Botswana,2001,90.9
Botswana,2002,83.3
Botswana,2003,81.6
Botswana,2004,72.5
Botswana,2005,69.8
Botswana,2006,70.9
Botswana,2007,79.1
Botswana,2008,87.6
Botswana,2009,93.5
Botswana,2010,93.2
Botswana,2011,92.7
Botswana,2012,93.9
Botswana,2013,93.9
Botswana,2014,95.5
Botswana,2015,95.4
Botswana,2016,99.4
Botswana,2017,99.8
Botswana,2018,98.6
Botswana,2019,84
Botswana,2020,78.3
Botswana,2021,74.7
Botswana,2022,82.7
Brazil,2001,13.1
Brazil,2002,9.1
Brazil,2003,6.9
Brazil,2004,6.5
Brazil,2005,5.7
Brazil,2006,4.9
Brazil,2007,2.5
Brazil,2008,0.5
Brazil,2009,-0.2
Brazil,2010,-2.9
Brazil,2011,-9.3
Brazil,2012,-14.9
Brazil,2013,-17.5
Brazil,2014,-22.4
Brazil,2015,-20.2
Brazil,2016,-22
Brazil,2017,-17.1
Brazil,2018,-25.6
Brazil,2019,-27.7
Brazil,2020,-24.6
Brazil,2021,-23.8
Brazil,2022,-30.9
Brunei Darussalam,2001,100
Brunei Darussalam,2002,99.6
Brunei Darussalam,2003,95.7
Brunei Darussalam,2004,93.8
Brunei Darussalam,2005,98.1
Brunei Darussalam,2006,91.1
Brunei Darussalam,2007,87.6
Brunei Darussalam,2008,83.5
Bulgaria,2001,-22.1
Bulgaria,2002,-20.5
Bulgaria,2003,-22
Bulgaria,2004,-22.9
Bulgaria,2005,-34.3
Bulgaria,2006,-32.6
Bulgaria,2007,-39.6
Bulgaria,2008,-50.7
Bulgaria,2009,-71.9
Bulgaria,2010,-74.9
Bulgaria,2011,-84
Bulgaria,2012,-154.1
Bulgaria,2013,-166.6
Bulgaria,2014,-167.1
Bulgaria,2015,-179.1
Bulgaria,2016,-176.6
Bulgaria,2017,-182
Bulgaria,2018,-154.3
Bulgaria,2019,-251.1
Bulgaria,2020,-261.5
Bulgaria,2021,-211.1
Bulgaria,2022,-1015.6
Burkina Faso,2001,9
Burkina Faso,2002,7.9
Burkina Faso,2003,6.9
Burkina Faso,2004,6.9
Burkina Faso,2005,7.4
Burkina Faso,2006,8.1
Burkina Faso,2007,7.2
Burkina Faso,2008,7.7
Burkina Faso,2009,8.6
Burkina Faso,2010,11.7
Burkina Faso,2011,12.9
Burkina Faso,2012,14.3
Burkina Faso,2013,13.8
Burkina Faso,2014,14.9
Burkina Faso,2015,16.1
Burkina Faso,2016,18.4
Burkina Faso,2017,18.9
Burkina Faso,2018,18.6
Burkina Faso,2019,16.1
Burkina Faso,2020,15.5
Burkina Faso,2021,17.1
Burkina Faso,2022,20.5
Burundi,2011,27.4
Burundi,2012,30.1
Burundi,2013,31
Burundi,2014,24
Burundi,2015,20
Burundi,2016,24.1
Burundi,2017,26.6
Burundi,2018,24.8
Burundi,2019,22.7
Burundi,2020,23.1
Burundi,2021,26.5
Burundi,2022,21
Cabo Verde,2001,77.2
Cabo Verde,2002,91.1
Cabo Verde,2003,93
Cabo Verde,2004,92.5
Cabo Verde,2005,78
Cabo Verde,2006,78.1
Cabo Verde,2007,85.3
Cabo Verde,2008,100
Cabo Verde,2009,100
Cabo Verde,2010,100
Cabo Verde,2011,96.3
Cabo Verde,2012,95.2
Cabo Verde,2013,95.5
Cabo Verde,2014,93.9
Cabo Verde,2015,93.5
Cabo Verde,2016,91.1
Cabo Verde,2017,92.2
Cabo Verde,2018,96.4
Cabo Verde,2019,97.2
Cabo Verde,2020,100
Cabo Verde,2021,100
Cabo Verde,2022,100
Cambodia,2001,3.9
Cambodia,2002,3.5
Cambodia,2003,3.3
Cambodia,2004,2.6
Cambodia,2005,1.8
Cambodia,2006,1.2
Cambodia,2007,-0.8
Cambodia,2008,-1.3
Cambodia,2009,-2.1
Cambodia,2010,-1.5
Cambodia,2011,-1.6
Cambodia,2012,-2.2
Cambodia,2013,-2.6
Cambodia,2014,-2.7
Cambodia,2015,-2.5
Cambodia,2016,-3.1
Cambodia,2017,-3.4
Cambodia,2018,-3.9
Cambodia,2019,-3.1
Cambodia,2020,-3.6
Cambodia,2021,-3.6
Cambodia,2022,-3.2
Cameroon,2001,31.2
Cameroon,2002,32
Cameroon,2003,30.8
Cameroon,2004,30.2
Cameroon,2005,30.9
Cameroon,2006,29.9
Cameroon,2007,28.7
Cameroon,2008,27.9
Cameroon,2009,27.5
Cameroon,2010,27.9
Cameroon,2011,28.6
Cameroon,2012,31.5
Cameroon,2013,31.6
Cameroon,2014,31.5
Cameroon,2015,29.7
Cameroon,2016,30.1
Cameroon,2017,29.7
Cameroon,2018,31.9
Cameroon,2019,31.9
Cameroon,2020,34.1
Cameroon,2021,34.3
Cameroon,2022,34.6
Canada,2001,-55.9
Canada,2002,-43.3
Canada,2003,-42.1
Canada,2004,-48
Canada,2005,-62.2
Canada,2006,-65.3
Canada,2007,-69.1
Canada,2008,-70.9
Canada,2009,-83
Canada,2010,-83.5
Canada,2011,-79.4
Canada,2012,-59.9
Canada,2013,-83
Canada,2014,-94.2
Canada,2015,-98.4
Canada,2016,-84
Canada,2017,-78.5
Canada,2018,-83.1
Canada,2019,-80.8
Canada,2020,-120.9
Canada,2021,-108.2
Canada,2022,-116.9
Central African Republic,2001,19.4
Central African Republic,2002,18
Central African Republic,2003,17.3
Central African Republic,2004,17.5
Central African Republic,2005,18.6
Central African Republic,2006,18.3
Central African Republic,2007,18
Central African Republic,2008,19.6
Central African Republic,2009,23
Central African Republic,2010,26.4
Central African Republic,2011,27.4
Central African Republic,2012,28.4
Central African Republic,2016,26.9
Chad,2001,5
Chad,2002,5.1
Chad,2003,4.9
Chad,2004,5.5
Chad,2005,6.5
Chad,2006,7.6
Chad,2007,8.1
Chad,2008,8.9
Chad,2009,7.6
Chad,2010,9.9
Chad,2011,8
Chad,2012,8.4
Chad,2016,6
Chad,2017,5
Chad,2018,4.4
Chad,2019,4.1
Chad,2020,4.9
Chad,2021,5.2
Chad,2022,6.2
Chile,2001,35.1
Chile,2002,31.6
Chile,2003,29.4
Chile,2004,26.6
Chile,2005,31.6
Chile,2006,41.2
Chile,2007,47.7
Chile,2008,44.9
Chile,2009,40.7
Chile,2010,37.9
Chile,2011,40
Chile,2012,40.1
Chile,2013,43.3
Chile,2014,42.5
Chile,2015,42.2
Chile,2016,42.6
Chile,2017,43.8
Chile,2018,49
Chile,2019,54.5
Chile,2020,58.5
Chile,2021,61.4
Chile,2022,61.3
China,2001,-0.7
China,2002,-1.5
China,2003,-0.6
China,2004,0.2
China,2005,1.6
China,2006,0.4
China,2007,0.5
China,2008,0.7
China,2009,1.7
China,2010,2
China,2011,2.6
China,2012,2.9
China,2013,3.6
China,2014,4.3
China,2015,4.7
China,2016,5
China,2017,4.5
China,2018,4.2
China,2019,4.7
China,2020,6.9
China,2021,8.9
China,2022,10
"China, Hong Kong SAR",2001,98.8
"China, Hong Kong SAR",2002,99.8
"China, Hong Kong SAR",2003,100
"China, Hong Kong SAR",2004,100
"China, Hong Kong SAR",2005,99.9
"China, Hong Kong SAR",2006,100
"China, Hong Kong SAR",2007,100
"China, Hong Kong SAR",2008,100
"China, Hong Kong SAR",2009,99.9
"China, Hong Kong SAR",2010,99.9
"China, Hong Kong SAR",2011,99.8
"China, Hong Kong SAR",2012,99.8
"China, Hong Kong SAR",2013,99.3
"China, Hong Kong SAR",2014,99.1
"China, Hong Kong SAR",2015,98.7
"China, Hong Kong SAR",2016,99.3
"China, Hong Kong SAR",2017,99.7
"China, Hong Kong SAR",2018,100
"China, Hong Kong SAR",2019,100
"China, Hong Kong SAR",2020,99.9
"China, Hong Kong SAR",2021,100
"China, Hong Kong SAR",2022,100
"China, mainland",2001,-2.6
"China, mainland",2002,-3.5
"China, mainland",2003,-2.6
"China, mainland",2004,-1.9
"China, mainland",2005,-0.3
"China, mainland",2006,-1.6
"China, mainland",2007,-1.3
"China, mainland",2008,-1
"China, mainland",2009,0.1
"China, mainland",2010,0.5
"China, mainland",2011,1.2
"China, mainland",2012,1.7
"China, mainland",2013,2.5
"China, mainland",2014,3.3
"China, mainland",2015,3.7
"China, mainland",2016,4
"China, mainland",2017,3.5
"China, mainland",2018,3.1
"China, mainland",2019,3.6
"China, mainland",2020,5.9
"China, mainland",2021,7.9
"China, mainland",2022,9.2
"China, Taiwan Province of",2001,82
"China, Taiwan Province of",2002,82.8
"China, Taiwan Province of",2003,83.8
"China, Taiwan Province of",2004,84.6
"China, Taiwan Province of",2005,84.3
"China, Taiwan Province of",2006,85.4
"China, Taiwan Province of",2007,84.1
"China, Taiwan Province of",2008,84.7
"China, Taiwan Province of",2009,83.5
"China, Taiwan Province of",2010,81.2
"China, Taiwan Province of",2011,78
"China, Taiwan Province of",2012,76.5
"China, Taiwan Province of",2013,76.3
"China, Taiwan Province of",2014,76.8
"China, Taiwan Province of",2015,76.6
"China, Taiwan Province of",2016,76.4
"China, Taiwan Province of",2017,74.4
"China, Taiwan Province of",2018,73.8
"China, Taiwan Province of",2019,74.3
"China, Taiwan Province of",2020,76.9
"China, Taiwan Province of",2021,77.1
"China, Taiwan Province of",2022,78.3
Colombia,2001,54.5
Colombia,2002,53.3
Colombia,2003,51.5
Colombia,2004,51.2
Colombia,2005,55.4
Colombia,2006,59.2
Colombia,2007,61.6
Colombia,2008,60.9
Colombia,2009,61.6
Colombia,2010,61.2
Colombia,2011,60.3
Colombia,2012,60
Colombia,2013,61.4
Colombia,2014,64.2
Colombia,2015,63.5
Colombia,2016,62.1
Colombia,2017,61.6
Colombia,2018,63.1
Colombia,2019,63.7
Colombia,2020,64
Colombia,2021,64.2
Colombia,2022,65.3
Comoros,2011,66.2
Comoros,2012,68.2
Comoros,2013,65.6
Comoros,2017,78.2
Congo,2001,100
Congo,2002,100
Congo,2003,100
Congo,2004,86.8
Congo,2005,89.5
Congo,2006,89.4
Congo,2007,80.8
Congo,2008,79.5
Congo,2009,86.1
Congo,2010,91.2
Congo,2011,100
Congo,2012,100
Congo,2013,100
Congo,2014,99.8
Congo,2015,88
Congo,2016,88.1
Congo,2017,93.3
Congo,2018,94.4
Congo,2019,97.7
Congo,2020,94.4
Congo,2021,89.9
Congo,2022,88.7
Costa Rica,2001,80.6
Costa Rica,2002,82.7
Costa Rica,2003,87.8
Costa Rica,2004,83.7
Costa Rica,2005,85.5
Costa Rica,2006,84
Costa Rica,2007,88.5
Costa Rica,2008,86.1
Costa Rica,2009,81.6
Costa Rica,2010,78.3
Costa Rica,2011,76.1
Costa Rica,2012,76.9
Costa Rica,2013,81.2
Costa Rica,2014,83.7
Costa Rica,2015,85.7
Costa Rica,2016,85.7
Costa Rica,2017,85.6
Costa Rica,2018,87.3
Costa Rica,2019,89.6
Costa Rica,2020,89.2
Costa Rica,2021,91.8
Costa Rica,2022,92.5
Côte d'Ivoire,2001,48.5
Côte d'Ivoire,2002,52.1
Côte d'Ivoire,2003,51.1
Côte d'Ivoire,2004,50.4
Côte d'Ivoire,2005,51.7
Côte d'Ivoire,2006,53
Côte d'Ivoire,2007,50.9
Côte d'Ivoire,2008,53.7
Côte d'Ivoire,2009,57.3
Côte d'Ivoire,2010,71.2
Côte d'Ivoire,2011,68
Côte d'Ivoire,2012,61.3
Côte d'Ivoire,2013,46.2
Côte d'Ivoire,2014,41.1
Côte d'Ivoire,2015,41.3
Côte d'Ivoire,2016,42.3
Côte d'Ivoire,2017,44.2
Côte d'Ivoire,2018,45.5
Côte d'Ivoire,2019,48.1
Côte d'Ivoire,2020,52.7
Côte d'Ivoire,2021,54.8
Côte d'Ivoire,2022,52.1
Croatia,2001,-4.7
Croatia,2002,-2.4
Croatia,2003,-0.1
Croatia,2004,3.6
Croatia,2005,3
Croatia,2006,-2.6
Croatia,2007,-4.1
Croatia,2008,-9.2
Croatia,2009,-10.3
Croatia,2010,-11
Croatia,2011,-9.3
Croatia,2012,-9
Croatia,2013,-10.2
Croatia,2014,-13
Croatia,2015,-15.3
Croatia,2016,-23
Croatia,2017,-23.2
Croatia,2018,-28.2
Croatia,2019,-41.2
Croatia,2020,-51.5
Croatia,2021,-60.2
Croatia,2022,-50.8
Cuba,2001,71.9
Cuba,2002,71
Cuba,2003,68.9
Cuba,2004,71
Cuba,2005,73.3
Cuba,2006,75.9
Cuba,2007,76.6
Cuba,2008,76.1
Cuba,2009,78.6
Cuba,2010,78.1
Cuba,2011,78
Cuba,2012,73.9
Cuba,2013,72.7
Cuba,2014,75.2
Cuba,2015,76.6
Cuba,2019,83
Cuba,2020,86.1
Cuba,2021,91.1
Cuba,2022,94.6
Cyprus,2001,100
Cyprus,2002,100
Cyprus,2003,100
Cyprus,2004,100
Cyprus,2005,100
Cyprus,2006,100
Cyprus,2007,100
Cyprus,2008,100
Cyprus,2009,100
Cyprus,2010,95.7
Cyprus,2011,77.7
Cyprus,2012,78.6
Cyprus,2013,87.6
Cyprus,2014,93.2
Cyprus,2015,98.9
Cyprus,2016,96.2
Cyprus,2017,99.6
Cyprus,2018,98.2
Cyprus,2019,98.4
Cyprus,2020,97.3
Cyprus,2021,98
Cyprus,2022,98.5
Czechia,2001,-10.1
Czechia,2002,-10.1
Czechia,2003,-11.3
Czechia,2004,-21.4
Czechia,2005,-26.2
Czechia,2006,-31.7
Czechia,2007,-27
Czechia,2008,-30.8
Czechia,2009,-35.4
Czechia,2010,-38.1
Czechia,2011,-45.2
Czechia,2012,-45.2
Czechia,2013,-48.7
Czechia,2014,-47.7
Czechia,2015,-58.5
Czechia,2016,-73.1
Czechia,2017,-65.9
Czechia,2018,-50.5
Czechia,2019,-38.7
Czechia,2020,-42.6
Czechia,2021,-49.9
Czechia,2022,-49.8
Democratic People's Republic of Korea,2001,45.8
Democratic People's Republic of Korea,2002,41.2
Democratic People's Republic of Korea,2003,37.7
Democratic People's Republic of Korea,2004,35.5
Democratic People's Republic of Korea,2005,27.2
Democratic People's Republic of Korea,2006,22.4
Democratic People's Republic of Korea,2007,13.8
Democratic People's Republic of Korea,2008,13.8
Democratic People's Republic of Korea,2009,10.2
Democratic People's Republic of Korea,2010,12.2
Democratic People's Republic of Korea,2011,13.2
Democratic People's Republic of Korea,2012,14
Democratic People's Republic of Korea,2013,15
Democratic People's Republic of Korea,2014,17.1
Democratic People's Republic of Korea,2015,18.3
Democratic People's Republic of Korea,2016,18.8
Democratic People's Republic of Korea,2017,19
Democratic Republic of the Congo,2011,24.5
Democratic Republic of the Congo,2012,22.9
Democratic Republic of the Congo,2013,21.8
Democratic Republic of the Congo,2014,21.7
Democratic Republic of the Congo,2015,20.4
Democratic Republic of the Congo,2016,20.7
Democratic Republic of the Congo,2017,20.7
Democratic Republic of the Congo,2018,22.2
Democratic Republic of the Congo,2019,21.6
Democratic Republic of the Congo,2020,22.5
Democratic Republic of the Congo,2021,23.1
Democratic Republic of the Congo,2022,24.8
Denmark,2001,-14.3
Denmark,2002,-11.5
Denmark,2003,-7
Denmark,2004,-2.9
Denmark,2005,-2.2
Denmark,2006,-4.8
Denmark,2007,-2.2
Denmark,2008,-3.5
Denmark,2009,-7.2
Denmark,2010,-12.7
Denmark,2011,-11.3
Denmark,2012,-6.6
Denmark,2013,-7.5
Denmark,2014,-10.8
Denmark,2015,-13.4
Denmark,2016,-14.2
Denmark,2017,-9.8
Denmark,2018,-6.4
Denmark,2019,-5.5
Denmark,2020,-8.8
Denmark,2021,-8.3
Denmark,2022,-7
Djibouti,2001,100
Djibouti,2002,100
Djibouti,2003,100
Djibouti,2004,100
Djibouti,2005,100
Djibouti,2006,100
Djibouti,2007,100
Djibouti,2008,100
Djibouti,2009,100
Djibouti,2010,100
Djibouti,2011,100
Djibouti,2012,95.6
Djibouti,2013,95.8
Djibouti,2014,97.1
Djibouti,2015,99.5
Djibouti,2016,100
Djibouti,2017,100
Djibouti,2018,100
Djibouti,2019,100
Djibouti,2020,100
Djibouti,2021,100
Djibouti,2022,100
Dominica,2001,100
Dominica,2002,100
Dominica,2003,100
Dominica,2004,100
Dominica,2005,100
Dominica,2006,100
Dominica,2007,100
Dominica,2008,100
Dominica,2009,100
Dominica,2010,100
Dominica,2011,100
Dominica,2012,96.3
Dominica,2013,96.3
Dominica,2014,96.3
Dominica,2015,100
Dominica,2016,95.9
Dominica,2017,100
Dominica,2018,100
Dominica,2019,100
Dominica,2020,95.2
Dominica,2021,95.2
Dominica,2022,100
Dominican Republic,2001,77.9
Dominican Republic,2002,74.5
Dominican Republic,2003,71.8
Dominican Republic,2004,73.6
Dominican Republic,2005,77.6
Dominican Republic,2006,79.2
Dominican Republic,2007,76.8
Dominican Republic,2008,74.6
Dominican Republic,2009,70.4
Dominican Republic,2010,67.4
Dominican Republic,2011,68.1
Dominican Republic,2012,69.5
Dominican Republic,2013,70.3
Dominican Republic,2014,67.8
Dominican Republic,2015,66.9
Dominican Republic,2016,66.7
Dominican Republic,2017,66.6
Dominican Republic,2018,66.3
Dominican Republic,2019,66.1
Dominican Republic,2020,63.8
Dominican Republic,2021,63
Dominican Republic,2022,63
Ecuador,2001,30.5
Ecuador,2002,32.2
Ecuador,2003,31.8
Ecuador,2004,32.6
Ecuador,2005,33.7
Ecuador,2006,33.9
Ecuador,2007,34.5
Ecuador,2008,34.1
Ecuador,2009,34.6
Ecuador,2010,35.1
Ecuador,2011,34.5
Ecuador,2012,31.2
Ecuador,2013,27.9
Ecuador,2014,25.8
Ecuador,2015,28.5
Ecuador,2016,33.6
Ecuador,2017,38
Ecuador,2018,40.5
Ecuador,2019,39.6
Ecuador,2020,39.7
Ecuador,2021,39
Ecuador,2022,39.6
Egypt,2001,34.8
Egypt,2002,32.2
Egypt,2003,28.7
Egypt,2004,27.8
Egypt,2005,30.3
Egypt,2006,35.6
Egypt,2007,36.6
Egypt,2008,38
Egypt,2009,41.3
Egypt,2010,44.6
Egypt,2011,45.1
Egypt,2012,45.1
Egypt,2013,44.7
Egypt,2014,46.3
Egypt,2015,45.9
Egypt,2016,47
Egypt,2017,51.1
Egypt,2018,50.8
Egypt,2019,49.7
Egypt,2020,44
Egypt,2021,43.4
Egypt,2022,42.8
El Salvador,2001,46.6
El Salvador,2002,46.4
El Salvador,2003,45.9
El Salvador,2004,45.5
El Salvador,2005,45.6
El Salvador,2006,44.9
El Salvador,2007,44.1
El Salvador,2008,41.4
El Salvador,2009,40.3
El Salvador,2010,43
El Salvador,2011,43.5
El Salvador,2012,41.1
El Salvador,2013,38.3
El Salvador,2014,42.1
El Salvador,2015,45.4
El Salvador,2016,46.9
El Salvador,2017,48.2
El Salvador,2018,52.1
El Salvador,2019,55.6
El Salvador,2020,53.5
El Salvador,2021,53.6
El Salvador,2022,54.1
Estonia,2001,25
Estonia,2002,24.9
Estonia,2003,26.4
Estonia,2004,17.4
Estonia,2005,4.6
Estonia,2006,-6.4
Estonia,2007,-11.6
Estonia,2008,-13.3
Estonia,2009,-16.6
Estonia,2010,-17.9
Estonia,2011,-25.5
Estonia,2012,-34.9
Estonia,2013,-43.3
Estonia,2014,-55.9
Estonia,2015,-256.7
Estonia,2016,-290.1
Estonia,2017,-290.3
Estonia,2018,-122.7
Estonia,2019,-129.3
Estonia,2020,-133
Estonia,2021,-111.8
Estonia,2022,-119.5
Eswatini,2001,59.6
Eswatini,2002,68.9
Eswatini,2003,71
Eswatini,2004,72.2
Eswatini,2005,68
Eswatini,2006,71.9
Eswatini,2007,72.5
Eswatini,2008,76.3
Eswatini,2009,72
Eswatini,2010,69.1
Eswatini,2011,70.7
Eswatini,2012,68.5
Eswatini,2013,63.2
Eswatini,2014,60.5
Eswatini,2015,70.4
Eswatini,2016,74.7
Eswatini,2017,72.5
Eswatini,2018,64.6
Eswatini,2019,64.4
Eswatini,2020,65.8
Eswatini,2021,64.8
Eswatini,2022,67.5
Ethiopia,2001,10.2
Ethiopia,2002,11.9
Ethiopia,2003,10.1
Ethiopia,2004,10.1
Ethiopia,2005,6.1
Ethiopia,2006,6.1
Ethiopia,2007,7.2
Ethiopia,2008,9.8
Ethiopia,2009,11.4
Ethiopia,2010,11
Ethiopia,2011,8.4
Ethiopia,2012,6.6
Ethiopia,2013,5.7
Ethiopia,2014,6.4
Ethiopia,2015,8.5
Ethiopia,2016,8.8
Ethiopia,2017,9.1
Ethiopia,2018,8.2
Ethiopia,2019,9.1
Ethiopia,2020,10.2
Ethiopia,2021,10.3
Ethiopia,2022,8.6
Fiji,2001,100
Fiji,2002,100
Fiji,2003,76.7
Fiji,2004,77
Fiji,2005,89.2
Fiji,2006,97.6
Fiji,2007,100
Fiji,2008,91.2
Fiji,2009,100
Fiji,2010,100
Fiji,2011,100
Fiji,2012,100
Fiji,2013,100
Fiji,2014,100
Fiji,2015,100
Fiji,2016,100
Fiji,2017,100
Fiji,2018,100
Fiji,2019,95.8
Fiji,2020,83.2
Fiji,2021,90.3
Fiji,2022,92.6
Finland,2001,-11.8
Finland,2002,-15.7
Finland,2003,-12.5
Finland,2004,-11.6
Finland,2005,-11.5
Finland,2006,-14.7
Finland,2007,-16.9
Finland,2008,-16
Finland,2009,-20.6
Finland,2010,-29.4
Finland,2011,-31
Finland,2012,-22.3
Finland,2013,-15.9
Finland,2014,-18.6
Finland,2015,-21.9
Finland,2016,-18.6
Finland,2017,-11.7
Finland,2018,-7.4
Finland,2019,-8.7
Finland,2020,-10.5
Finland,2021,-6.1
Finland,2022,-1.2
France,2001,-82.9
France,2002,-82.4
France,2003,-81.9
France,2004,-84.7
France,2005,-81
France,2006,-78.1
France,2007,-73.6
France,2008,-72.8
France,2009,-87.4
France,2010,-96.8
France,2011,-90.5
France,2012,-87.9
France,2013,-76.5
France,2014,-83.8
France,2015,-103.2
France,2016,-95.9
France,2017,-99.5
France,2018,-67
France,2019,-100
France,2020,-87.8
France,2021,-102.6
France,2022,-71.7
Gabon,2001,94.1
Gabon,2002,81
Gabon,2003,74.4
Gabon,2004,68
Gabon,2005,78.2
Gabon,2006,79.5
Gabon,2007,83.8
Gabon,2008,88.3
Gabon,2009,90.4
Gabon,2010,86
Gabon,2011,86.3
Gabon,2012,84.5
Gabon,2013,85.8
Gabon,2014,83.2
Gabon,2015,84.3
Gabon,2016,83.9
Gabon,2017,86.1
Gabon,2018,86.5
Gabon,2019,83.3
Gabon,2020,82.6
Gabon,2021,87.4
Gabon,2022,90.6
Gambia,2001,40.2
Gambia,2002,37.9
Gambia,2003,37.8
Gambia,2004,40.2
Gambia,2005,39.4
Gambia,2006,44.8
Gambia,2007,42.7
Gambia,2008,46.7
Gambia,2009,46.4
Gambia,2010,58.7
Gambia,2011,63.8
Gambia,2012,70.9
Gambia,2013,68.5
Gambia,2014,71.5
Gambia,2015,76
Gambia,2016,79.3
Gambia,2017,82.6
Gambia,2018,94.6
Gambia,2019,93.2
Gambia,2020,97.4
Gambia,2021,88.7
Gambia,2022,89.6
Georgia,2001,59.4
Georgia,2002,53.9
Georgia,2003,61.7
Georgia,2004,68.1
Georgia,2005,76.6
Georgia,2006,74.8
Georgia,2007,67.2
Georgia,2008,59.7
Georgia,2009,66.9
Georgia,2010,72.2
Georgia,2011,75.6
Georgia,2012,65
Georgia,2013,65.2
Georgia,2014,65.3
Georgia,2015,66
Georgia,2016,69.8
Georgia,2017,69.4
Georgia,2018,70.8
Georgia,2019,66.1
Georgia,2020,65.2
Georgia,2021,65.7
Georgia,2022,66.1
Germany,2001,-24.2
Germany,2002,-20.1
Germany,2003,-16.8
Germany,2004,-15.4
Germany,2005,-14.6
Germany,2006,-12.9
Germany,2007,-11
Germany,2008,-9.4
Germany,2009,-10.2
Germany,2010,-7.3
Germany,2011,-4.6
Germany,2012,-4.4
Germany,2013,-5.3
Germany,2014,-7.2
Germany,2015,-7.7
Germany,2016,-7.2
Germany,2017,-1.5
Germany,2018,4.1
Germany,2019,4.7
Germany,2020,1.8
Germany,2021,0.1
Germany,2022,0.4
Ghana,2001,26.1
Ghana,2002,32.2
Ghana,2003,37.8
Ghana,2004,41.6
Ghana,2005,38.6
Ghana,2006,34.5
Ghana,2007,32.1
Ghana,2008,29.7
Ghana,2009,27.3
Ghana,2010,29.4
Ghana,2011,30.7
Ghana,2012,33.4
Ghana,2013,33
Ghana,2014,35.7
Ghana,2015,37
Ghana,2016,39.5
Ghana,2017,39
Ghana,2018,38.7
Ghana,2019,37.3
Ghana,2020,38.1
Ghana,2021,35.4
Ghana,2022,32.1
Greece,2001,20.2
Greece,2002,23.4
Greece,2003,25.7
Greece,2004,23.4
Greece,2005,23
Greece,2006,24.9
Greece,2007,24.9
Greece,2008,20
Greece,2009,17.7
Greece,2010,19.9
Greece,2011,23.2
Greece,2012,23.3
Greece,2013,22.8
Greece,2014,25
Greece,2015,26.5
Greece,2016,30.1
Greece,2017,33.5
Greece,2018,37.5
Greece,2019,36.9
Greece,2020,35.7
Greece,2021,34.5
Greece,2022,34
Grenada,2001,88.2
Grenada,2002,86.1
Grenada,2003,74.3
Grenada,2004,87.8
Grenada,2005,86.4
Grenada,2006,90.3
Grenada,2007,92.2
Grenada,2008,100
Grenada,2009,100
Grenada,2010,98
Grenada,2011,93.8
Grenada,2012,99.6
Grenada,2013,100
Grenada,2014,100
Grenada,2015,100
Grenada,2016,100
Grenada,2017,98.5
Grenada,2018,100
Grenada,2019,100
Grenada,2020,99.3
Grenada,2021,100
Grenada,2022,100
Guatemala,2001,44
Guatemala,2002,48.7
Guatemala,2003,50.1
Guatemala,2004,50.5
Guatemala,2005,50.2
Guatemala,2006,49.2
Guatemala,2007,45.4
Guatemala,2008,43
Guatemala,2009,42.1
Guatemala,2010,42.9
Guatemala,2011,43.7
Guatemala,2012,42.9
Guatemala,2013,43.5
Guatemala,2014,44.6
Guatemala,2015,46.7
Guatemala,2016,47.8
Guatemala,2017,48.8
Guatemala,2018,52.5
Guatemala,2019,53.8
Guatemala,2020,55
Guatemala,2021,54
Guatemala,2022,54.7
Guinea,2001,21.4
Guinea,2002,23.3
Guinea,2003,19.9
Guinea,2004,16.9
Guinea,2005,14.9
Guinea,2006,17.6
Guinea,2007,18.4
Guinea,2008,17.2
Guinea,2009,16.6
Guinea,2010,15.2
Guinea,2011,16.7
Guinea,2012,17.5
Guinea,2013,22.1
Guinea,2014,24
Guinea,2015,26.9
Guinea,2016,26.5
Guinea,2017,28
Guinea,2018,26.7
Guinea,2019,27.7
Guinea,2020,28.7
Guinea,2021,29.5
Guinea,2022,28.5
Guinea-Bissau,2001,41.7
Guinea-Bissau,2002,43.7
Guinea-Bissau,2003,48
Guinea-Bissau,2004,47.8
Guinea-Bissau,2005,39.6
Guinea-Bissau,2006,30.2
Guinea-Bissau,2007,20.4
Guinea-Bissau,2008,25
Guinea-Bissau,2009,30.1
Guinea-Bissau,2010,40.3
Guinea-Bissau,2011,42.8
Guinea-Bissau,2012,45.8
Guinea-Bissau,2013,49.5
Guinea-Bissau,2022,50.7
Guyana,2001,-59.4
Guyana,2002,-44.8
Guyana,2003,-47.9
Guyana,2004,-59.7
Guyana,2005,-64.8
Guyana,2006,-51.2
Guyana,2007,-42.2
Guyana,2008,-41
Guyana,2009,-38.6
Guyana,2010,-27.4
Guyana,2011,-14.4
Guyana,2012,-16.5
Guyana,2013,-713.1
Guyana,2014,-716.4
Guyana,2015,-734.9
Guyana,2016,-51.2
Guyana,2017,-45.7
Guyana,2018,-49.3
Guyana,2019,16.8
Guyana,2020,-28.6
Guyana,2021,-18.7
Guyana,2022,-105.7
Haiti,2001,58
Haiti,2002,59.9
Haiti,2003,62.7
Haiti,2004,62.9
Haiti,2005,65.2
Haiti,2006,63.2
Haiti,2007,63
Haiti,2008,61
Haiti,2009,59.7
Haiti,2010,55.5
Haiti,2011,56.5
Haiti,2012,56.7
Haiti,2013,58.9
Haiti,2014,58.1
Haiti,2015,63.5
Haiti,2016,66.7
Haiti,2017,72.8
Haiti,2018,77.6
Haiti,2019,82.8
Haiti,2020,83.6
Haiti,2021,82.8
Haiti,2022,82.9
Honduras,2001,45.7
Honduras,2002,50.4
Honduras,2003,50.4
Honduras,2004,55.1
Honduras,2005,57.3
Honduras,2006,54.2
Honduras,2007,49.9
Honduras,2008,50.6
Honduras,2009,55.1
Honduras,2010,59
Honduras,2011,61.4
Honduras,2012,61.4
Honduras,2013,62.5
Honduras,2014,61.2
Honduras,2015,61.8
Honduras,2016,61
Honduras,2017,60.4
Honduras,2018,62.1
Honduras,2019,63.4
Honduras,2020,65.2
Honduras,2021,65.6
Honduras,2022,65.7
Hungary,2001,-35.8
Hungary,2002,-39.3
Hungary,2003,-34.8
Hungary,2004,-34.7
Hungary,2005,-42.4
Hungary,2006,-62.1
Hungary,2007,-74
Hungary,2008,-81.7
Hungary,2009,-99.3
Hungary,2010,-90
Hungary,2011,-134.4
Hungary,2012,-102.9
Hungary,2013,-97.1
Hungary,2014,-57.8
Hungary,2015,-57.8
Hungary,2016,-89.4
Hungary,2017,-72.7
Hungary,2018,-76.7
Hungary,2019,-77
Hungary,2020,-93.8
Hungary,2021,-93.2
Hungary,2022,-61.4
Iceland,2015,92.6
Iceland,2016,88.1
Iceland,2017,86.9
Iceland,2018,88.7
Iceland,2019,91.8
Iceland,2020,92.8
Iceland,2021,93.6
Iceland,2022,93.1
India,2001,-3.2
India,2002,-4.3
India,2003,-4.7
India,2004,-4
India,2005,-2.3
India,2006,-2.1
India,2007,-2.2
India,2008,-3.1
India,2009,-2.7
India,2010,-3.1
India,2011,-5.4
India,2012,-8.5
India,2013,-10.3
India,2014,-9.5
India,2015,-7.3
India,2016,-5.5
India,2017,-5.2
India,2018,-5.1
India,2019,-6.2
India,2020,-8.8
India,2021,-12.2
India,2022,-12.4
Indonesia,2001,12.8
Indonesia,2002,12.6
Indonesia,2003,13.3
Indonesia,2004,11.5
Indonesia,2005,11.7
Indonesia,2006,12.2
Indonesia,2007,11.9
Indonesia,2008,10.5
Indonesia,2009,9.4
Indonesia,2010,11.4
Indonesia,2011,12.3
Indonesia,2012,13
Indonesia,2013,12.7
Indonesia,2014,13.1
Indonesia,2015,14.2
Indonesia,2016,13.9
Indonesia,2017,14.6
Indonesia,2018,14.5
Indonesia,2019,15.1
Indonesia,2020,15.2
Indonesia,2021,14.5
Indonesia,2022,15.7
Iran (Islamic Republic of),2001,37.4
Iran (Islamic Republic of),2002,29.6
Iran (Islamic Republic of),2003,21.3
Iran (Islamic Republic of),2004,18.4
Iran (Islamic Republic of),2005,18.1
Iran (Islamic Republic of),2006,17.7
Iran (Islamic Republic of),2007,24.3
Iran (Islamic Republic of),2008,31.4
Iran (Islamic Republic of),2009,37.2
Iran (Islamic Republic of),2010,36.3
Iran (Islamic Republic of),2011,36.7
Iran (Islamic Republic of),2012,38.9
Iran (Islamic Republic of),2013,41.9
Iran (Islamic Republic of),2014,40.4
Iran (Islamic Republic of),2015,37.4
Iran (Islamic Republic of),2016,36.7
Iran (Islamic Republic of),2017,37.4
Iran (Islamic Republic of),2018,39.8
Iran (Islamic Republic of),2019,44.4
Iran (Islamic Republic of),2020,47.9
Iran (Islamic Republic of),2021,49.8
Iran (Islamic Republic of),2022,40.6
Iraq,2001,75.2
Iraq,2002,53.7
Iraq,2003,42
Iraq,2004,46.7
Iraq,2005,58.1
Iraq,2006,60.1
Iraq,2007,59.6
Iraq,2008,59.5
Iraq,2009,59.6
Iraq,2010,56.4
Iraq,2011,51.2
Iraq,2012,48.4
Iraq,2017,62.9
Iraq,2018,59.5
Iraq,2019,50.2
Iraq,2020,46.3
Iraq,2021,55.9
Iraq,2022,63
Ireland,2001,20.3
Ireland,2002,23.7
Ireland,2003,25.6
Ireland,2004,24.3
Ireland,2005,25.4
Ireland,2006,29.3
Ireland,2007,30.8
Ireland,2008,32
Ireland,2009,38.2
Ireland,2010,40.3
Ireland,2011,43.8
Ireland,2012,42.2
Ireland,2013,44.8
Ireland,2014,41
Ireland,2015,41
Ireland,2016,43.9
Ireland,2017,54.8
Ireland,2018,56.1
Ireland,2019,61.3
Ireland,2020,58.2
Ireland,2021,62.6
Ireland,2022,65.8
Israel,2001,92.5
Israel,2002,87.8
Israel,2003,92.7
Israel,2004,90.1
Israel,2005,93.5
Israel,2006,88
Israel,2007,92.5
Israel,2008,96
Israel,2009,96.8
Israel,2010,94.9
Israel,2011,91.5
Israel,2012,93.2
Israel,2013,92.1
Israel,2014,93.8
Israel,2015,93.3
Israel,2016,93.6
Israel,2017,93.9
Israel,2018,93.9
Israel,2019,94.1
Israel,2020,91.8
Israel,2021,91.9
Israel,2022,93.7
Italy,2001,19.6
Italy,2002,22.5
Italy,2003,23.3
Italy,2004,22.4
Italy,2005,21.6
Italy,2006,22.1
Italy,2007,22
Italy,2008,23
Italy,2009,24.8
Italy,2010,27.9
Italy,2011,29.2
Italy,2012,30.2
Italy,2013,31.8
Italy,2014,33.4
Italy,2015,34.3
Italy,2016,36.4
Italy,2017,39
Italy,2018,41.4
Italy,2019,41.2
Italy,2020,39.8
Italy,2021,41.4
Italy,2022,42.5
Jamaica,2001,100
Jamaica,2002,99.1
Jamaica,2003,95.5
Jamaica,2004,100
Jamaica,2005,100
Jamaica,2006,100
Jamaica,2007,98.2
Jamaica,2008,98.7
Jamaica,2009,100
Jamaica,2010,100
Jamaica,2011,100
Jamaica,2012,100
Jamaica,2013,100
Jamaica,2014,100
Jamaica,2015,100
Jamaica,2016,99.2
Jamaica,2017,99.5
Jamaica,2018,99.4
Jamaica,2019,99.6
Jamaica,2020,99.4
Jamaica,2021,99.3
Jamaica,2022,99.3
Japan,2001,77
Japan,2002,76.9
Japan,2003,77.7
Japan,2004,78.1
Japan,2005,78.2
Japan,2006,77.7
Japan,2007,77.7
Japan,2008,76.8
Japan,2009,75.3
Japan,2010,72.6
Japan,2011,71
Japan,2012,71.1
Japan,2013,70.8
Japan,2014,70.7
Japan,2015,70.2
Japan,2016,70.7
Japan,2017,71.6
Japan,2018,70.4
Japan,2019,68.9
Japan,2020,67
Japan,2021,67.1
Japan,2022,67.5
Jordan,2001,94.2
Jordan,2002,94.4
Jordan,2003,98.4
Jordan,2004,98.8
Jordan,2005,96.6
Jordan,2006,98.8
Jordan,2007,100
Jordan,2008,97.9
Jordan,2009,95.7
Jordan,2010,92.1
Jordan,2011,95.7
Jordan,2012,97
Jordan,2013,97.1
Jordan,2014,97.7
Jordan,2015,97.4
Jordan,2016,100
Jordan,2017,100
Jordan,2018,100
Jordan,2019,100
Jordan,2020,99.7
Jordan,2021,98.5
Jordan,2022,100
Kazakhstan,2001,-56
Kazakhstan,2002,-53.2
Kazakhstan,2003,-52.1
Kazakhstan,2004,-45.8
Kazakhstan,2005,-43.7
Kazakhstan,2006,-59
Kazakhstan,2007,-76.7
Kazakhstan,2008,-75.2
Kazakhstan,2009,100
Kazakhstan,2010,100
Kazakhstan,2011,100
Kazakhstan,2012,50.8
Kazakhstan,2013,37.2
Kazakhstan,2014,-51.9
Kazakhstan,2015,-48.5
Kazakhstan,2016,-46.9
Kazakhstan,2017,-71.4
Kazakhstan,2018,-88.1
Kazakhstan,2019,-85.1
Kazakhstan,2020,-69.9
Kazakhstan,2021,-49.6
Kazakhstan,2022,-59.4
Kenya,2001,23.9
Kenya,2002,20.1
Kenya,2003,18.2
Kenya,2004,19.7
Kenya,2005,21.5
Kenya,2006,22.4
Kenya,2007,23.2
Kenya,2008,34.6
Kenya,2009,36.7
Kenya,2010,45.2
Kenya,2011,41.4
Kenya,2012,42.4
Kenya,2013,41.1
Kenya,2014,41.5
Kenya,2015,48.3
Kenya,2016,51.9
Kenya,2017,50.9
Kenya,2018,48.2
Kenya,2019,43.7
Kenya,2020,47.8
Kenya,2021,49.9
Kenya,2022,49.5
Kuwait,2001,100
Kuwait,2002,96.2
Kuwait,2003,100
Kuwait,2004,100
Kuwait,2005,100
Kuwait,2006,100
Kuwait,2007,100
Kuwait,2008,100
Kuwait,2009,100
Kuwait,2010,98
Kuwait,2011,96.6
Kuwait,2012,95.7
Kuwait,2013,94.3
Kuwait,2014,97.1
Kuwait,2015,97.1
Kuwait,2016,99.1
Kuwait,2017,98
Kuwait,2018,96
Kuwait,2019,95.3
Kuwait,2020,94.7
Kuwait,2021,98.5
Kuwait,2022,99.4
Kyrgyzstan,2001,9
Kyrgyzstan,2002,6.9
Kyrgyzstan,2003,7.6
Kyrgyzstan,2004,10.5
Kyrgyzstan,2005,14.9
Kyrgyzstan,2006,22.2
Kyrgyzstan,2007,24.8
Kyrgyzstan,2008,25.4
Kyrgyzstan,2009,24.9
Kyrgyzstan,2010,25.1
Kyrgyzstan,2011,31.2
Kyrgyzstan,2012,31.3
Kyrgyzstan,2013,33.6
Kyrgyzstan,2014,27.3
Kyrgyzstan,2015,22.8
Kyrgyzstan,2016,20.5
Kyrgyzstan,2017,19.6
Kyrgyzstan,2018,22.8
Kyrgyzstan,2019,21.8
Kyrgyzstan,2020,26.2
Kyrgyzstan,2021,24.6
Kyrgyzstan,2022,27.4
Lao People's Democratic Republic,2001,2.5
Lao People's Democratic Republic,2002,2.7
Lao People's Democratic Republic,2003,2.3
Lao People's Democratic Republic,2004,1.4
Lao People's Democratic Republic,2005,-0.5
Lao People's Democratic Republic,2006,-0.6
Lao People's Democratic Republic,2007,-1.7
Lao People's Democratic Republic,2008,-2.3
Lao People's Democratic Republic,2009,-3.8
Lao People's Democratic Republic,2010,-3.9
Lao People's Democratic Republic,2011,-3.4
Lao People's Democratic Republic,2012,-3.6
Lao People's Democratic Republic,2013,-2.5
Lao People's Democratic Republic,2014,-2.7
Lao People's Democratic Republic,2015,-1.6
Lao People's Democratic Republic,2016,-2.3
Lao People's Democratic Republic,2017,-2
Lao People's Democratic Republic,2018,-1.7
Lao People's Democratic Republic,2019,-1
Lao People's Democratic Republic,2020,0.1
Lao People's Democratic Republic,2021,0.1
Lao People's Democratic Republic,2022,-0.3
Latvia,2001,1.7
Latvia,2002,-5.6
Latvia,2003,-3.7
Latvia,2004,-12.7
Latvia,2005,-17.7
Latvia,2006,-28.6
Latvia,2007,-45.2
Latvia,2008,-63.3
Latvia,2009,-102.1
Latvia,2010,-83.6
Latvia,2011,-102.6
Latvia,2012,-74.1
Latvia,2013,-100.2
Latvia,2014,-98
Latvia,2015,-145.7
Latvia,2016,-159.3
Latvia,2017,-143.5
Latvia,2018,-160.6
Latvia,2019,-201.8
Latvia,2020,-222.5
Latvia,2021,-188.7
Latvia,2022,-140.7
Lebanon,2001,88.1
Lebanon,2002,88.5
Lebanon,2003,90.2
Lebanon,2004,89.2
Lebanon,2005,82.6
Lebanon,2006,79.7
Lebanon,2007,79.8
Lebanon,2008,87.9
Lebanon,2009,90.4
Lebanon,2010,91.1
Lebanon,2011,85.9
Lebanon,2012,83.7
Lebanon,2013,84.6
Lebanon,2014,88
Lebanon,2015,88.7
Lebanon,2016,87.1
Lebanon,2017,85.1
Lebanon,2018,85.7
Lebanon,2019,87.4
Lebanon,2020,87.1
Lebanon,2021,86.3
Lebanon,2022,86.6
Lesotho,2001,47.8
Lesotho,2002,50.5
Lesotho,2003,51.6
Lesotho,2004,43.8
Lesotho,2005,41.3
Lesotho,2006,45.8
Lesotho,2007,64.2
Lesotho,2008,78.8
Lesotho,2009,80.8
Lesotho,2010,76.7
Lesotho,2011,76.7
Lesotho,2012,83.8
Lesotho,2013,81.2
Lesotho,2014,77
Lesotho,2015,83
Lesotho,2016,76
Lesotho,2017,75.4
Lesotho,2018,88.4
Lesotho,2019,100
Lesotho,2020,100
Lesotho,2021,82.8
Lesotho,2022,68.4
Liberia,2001,65.3
Liberia,2002,64.1
Liberia,2003,73.3
Liberia,2004,80.2
Liberia,2005,86.1
Liberia,2006,79.7
Liberia,2007,69.4
Liberia,2008,61.8
Liberia,2009,58.5
Liberia,2010,63
Liberia,2011,60.3
Liberia,2012,63.8
Liberia,2013,62.3
Liberia,2014,62.3
Liberia,2015,60.2
Liberia,2016,61.6
Liberia,2017,65.2
Liberia,2018,72.1
Liberia,2019,73.3
Liberia,2020,74.8
Liberia,2021,73
Liberia,2022,72.3
Libya,2011,89.9
Libya,2012,87.3
Libya,2013,88.4
Libya,2014,89.9
Libya,2015,89.2
Libya,2016,88.8
Libya,2017,86.1
Libya,2018,90.2
Libya,2019,93
Libya,2020,92.5
Libya,2021,100
Libya,2022,100
Lithuania,2001,-4.8
Lithuania,2002,-9.9
Lithuania,2003,-11.1
Lithuania,2004,-24.1
Lithuania,2005,-32.3
Lithuania,2006,-35.6
Lithuania,2007,-45.4
Lithuania,2008,-60.3
Lithuania,2009,-100.7
Lithuania,2010,-91.2
Lithuania,2011,-83.2
Lithuania,2012,-79.1
Lithuania,2013,-106.1
Lithuania,2014,-114.7
Lithuania,2015,-176.7
Lithuania,2016,-211.6
Lithuania,2017,-217.3
Lithuania,2018,-178.8
Lithuania,2019,-190.7
Lithuania,2020,-229.9
Lithuania,2021,-189.1
Lithuania,2022,-180.4
Luxembourg,2001,6.1
Luxembourg,2002,6.1
Luxembourg,2003,12.7
Luxembourg,2004,9.1
Luxembourg,2005,-2.9
Luxembourg,2006,-6
Luxembourg,2007,-0.3
Luxembourg,2008,14.3
Luxembourg,2009,14.9
Luxembourg,2010,16.1
Luxembourg,2011,17.4
Luxembourg,2012,22.6
Luxembourg,2013,24
Luxembourg,2014,21
Luxembourg,2015,18.9
Luxembourg,2016,18.9
Luxembourg,2017,19.2
Luxembourg,2018,18
Luxembourg,2019,23.6
Luxembourg,2020,31.6
Luxembourg,2021,38.7
Luxembourg,2022,38.7
Madagascar,2001,11.3
Madagascar,2002,11.4
Madagascar,2003,10.6
Madagascar,2004,13.3
Madagascar,2005,11.6
Madagascar,2006,12.1
Madagascar,2007,10.2
Madagascar,2008,9.2
Madagascar,2009,7.2
Madagascar,2010,7.4
Madagascar,2011,8
Madagascar,2012,11.7
Madagascar,2013,13.4
Madagascar,2014,15.3
Madagascar,2015,14.5
Madagascar,2016,17.9
Madagascar,2017,20.7
Madagascar,2018,22.2
Madagascar,2019,20.5
Madagascar,2020,20.5
Madagascar,2021,21.3
Madagascar,2022,19.9
Malawi,2001,10.1
Malawi,2002,10.3
Malawi,2003,10.7
Malawi,2004,5.9
Malawi,2005,6.9
Malawi,2006,1.5
Malawi,2007,1.6
Malawi,2008,1.7
Malawi,2009,6.5
Malawi,2010,1.7
Malawi,2011,0.5
Malawi,2012,0.9
Malawi,2013,3.9
Malawi,2014,6.5
Malawi,2015,11.2
Malawi,2016,11.8
Malawi,2017,10.2
Malawi,2018,5
Malawi,2019,4.4
Malawi,2020,3.1
Malawi,2021,1.9
Malawi,2022,1.9
Malaysia,2001,80.2
Malaysia,2002,77.7
Malaysia,2003,85.1
Malaysia,2004,82.6
Malaysia,2005,86.3
Malaysia,2006,81.1
Malaysia,2007,77.2
Malaysia,2008,72.8
Malaysia,2009,71.1
Malaysia,2010,72.4
Malaysia,2011,74.6
Malaysia,2012,73.7
Malaysia,2013,78.7
Malaysia,2014,75.7
Malaysia,2015,75.4
Malaysia,2016,72.2
Malaysia,2017,74.8
Malaysia,2018,76.5
Malaysia,2019,76.4
Malaysia,2020,76.4
Malaysia,2021,77.4
Malaysia,2022,78.1
Maldives,2001,100
Maldives,2002,100
Maldives,2003,100
Maldives,2004,100
Maldives,2005,100
Maldives,2006,100
Maldives,2007,100
Maldives,2008,100
Maldives,2009,100
Maldives,2010,100
Maldives,2011,100
Maldives,2012,100
Maldives,2021,93.3
Maldives,2022,97.3
Mali,2001,8.6
Mali,2002,10.4
Mali,2003,9
Mali,2004,9.1
Mali,2005,9.6
Mali,2006,10.4
Mali,2007,8.4
Mali,2008,6.5
Mali,2009,6.4
Mali,2010,7.1
Mali,2011,10.2
Mali,2012,10.5
Mali,2013,10
Mali,2014,8.1
Mali,2015,8.7
Mali,2016,9.7
Mali,2017,9.4
Mali,2018,9
Mali,2019,7.2
Mali,2020,7.7
Mali,2021,7
Mali,2022,7.2
Malta,2001,100
Malta,2002,98.3
Malta,2003,93.8
Malta,2004,87.7
Malta,2005,82.4
Malta,2006,87.7
Malta,2007,86.5
Malta,2008,90.1
Malta,2009,89.6
Malta,2010,92.1
Malta,2011,92.7
Malta,2012,88.3
Malta,2013,88.2
Malta,2014,84.4
Malta,2015,91.3
Malta,2016,90.2
Malta,2017,93.7
Malta,2018,97.4
Malta,2019,100
Malta,2020,100
Malta,2021,100
Malta,2022,100
Marshall Islands,2020,100
Marshall Islands,2021,100
Mauritania,2001,64.7
Mauritania,2002,62.1
Mauritania,2003,60.7
Mauritania,2004,60.4
Mauritania,2005,64.4
Mauritania,2006,67.4
Mauritania,2007,67
Mauritania,2008,77.1
Mauritania,2009,78.4
Mauritania,2010,83.8
Mauritania,2011,74.1
Mauritania,2012,73.5
Mauritania,2013,63.9
Mauritania,2014,63.7
Mauritania,2015,64.8
Mauritania,2019,65.4
Mauritania,2020,62.3
Mauritania,2021,59
Mauritania,2022,55.3
Mauritius,2001,99.4
Mauritius,2002,95.1
Mauritius,2003,93.9
Mauritius,2004,94.1
Mauritius,2005,96.2
Mauritius,2006,97.8
Mauritius,2007,97.5
Mauritius,2008,100
Mauritius,2009,100
Mauritius,2010,100
Mauritius,2011,100
Mauritius,2012,100
Mauritius,2013,100
Mauritius,2014,100
Mauritius,2015,100
Mauritius,2016,94.4
Mauritius,2017,94.7
Mauritius,2018,89.7
Mauritius,2019,94.5
Mauritius,2020,94.3
Mauritius,2021,93.8
Mauritius,2022,90.9
Mexico,2001,35.4
Mexico,2002,35.9
Mexico,2003,35.4
Mexico,2004,35.2
Mexico,2005,35.8
Mexico,2006,36.6
Mexico,2007,33.8
Mexico,2008,30.3
Mexico,2009,28.5
Mexico,2010,31.9
Mexico,2011,34.1
Mexico,2012,34
Mexico,2013,31.1
Mexico,2014,30.7
Mexico,2015,30.8
Mexico,2016,32.4
Mexico,2017,34
Mexico,2018,37.8
Mexico,2019,38.9
Mexico,2020,39.2
Mexico,2021,37.8
Mexico,2022,37.6
Micronesia (Federated States of),2021,95.6
Micronesia (Federated States of),2022,100
Mongolia,2001,69.1
Mongolia,2002,64.2
Mongolia,2003,66
Mongolia,2004,64
Mongolia,2005,68
Mongolia,2006,68
Mongolia,2007,65.3
Mongolia,2008,57.1
Mongolia,2009,49.4
Mongolia,2010,40.1
Mongolia,2011,34.7
Mongolia,2012,29.1
Mongolia,2013,25.6
Mongolia,2014,42.6
Mongolia,2015,43.7
Mongolia,2016,55.9
Mongolia,2017,44.2
Mongolia,2018,44.1
Mongolia,2019,37.4
Mongolia,2020,36.3
Mongolia,2021,37.4
Mongolia,2022,39.3
Montenegro,2006,91.9
Montenegro,2007,91.2
Montenegro,2008,93.2
Montenegro,2009,96.7
Montenegro,2010,99.7
Montenegro,2011,100
Montenegro,2012,99.2
Montenegro,2013,98.7
Montenegro,2014,97.1
Montenegro,2015,96.4
Montenegro,2016,95.6
Montenegro,2017,93.8
Montenegro,2018,91.8
Montenegro,2019,92.6
Montenegro,2020,94.6
Montenegro,2021,96.1
Montenegro,2022,96.1
Morocco,2001,52.1
Morocco,2002,44.3
Morocco,2003,39.1
Morocco,2004,39
Morocco,2005,39.1
Morocco,2006,45.9
Morocco,2007,47.7
Morocco,2008,48.1
Morocco,2009,44.3
Morocco,2010,39.8
Morocco,2011,50.9
Morocco,2012,46.7
Morocco,2013,53.1
Morocco,2014,41.4
Morocco,2015,62.9
Morocco,2016,57.5
Morocco,2017,60.5
Morocco,2018,53.1
Morocco,2019,69.6
Morocco,2020,70.1
Morocco,2021,74
Morocco,2022,64.6
Mozambique,2001,28
Mozambique,2002,32.5
Mozambique,2003,35.7
Mozambique,2004,38.6
Mozambique,2005,42.2
Mozambique,2006,39.9
Mozambique,2007,33.9
Mozambique,2008,30.2
Mozambique,2009,28.9
Mozambique,2010,30
Mozambique,2011,29.9
Mozambique,2012,40.4
Mozambique,2013,47.5
Mozambique,2014,54.3
Mozambique,2015,52.7
Mozambique,2016,55.3
Mozambique,2017,51.6
Mozambique,2018,50.7
Mozambique,2019,49.5
Mozambique,2020,51.5
Mozambique,2021,49.1
Mozambique,2022,47.3
Myanmar,2001,-5.4
Myanmar,2002,-5.7
Myanmar,2003,-4.1
Myanmar,2004,-2
Myanmar,2005,-1.5
Myanmar,2006,-1.5
Myanmar,2007,-2.1
Myanmar,2008,-2.7
Myanmar,2009,-1.9
Myanmar,2010,-0.9
Myanmar,2011,-0.3
Myanmar,2012,-1.3
Myanmar,2013,-4
Myanmar,2014,-6.3
Myanmar,2015,-5.3
Myanmar,2016,-5.1
Myanmar,2017,-4.4
Myanmar,2018,-9.7
Myanmar,2019,-10.4
Myanmar,2020,-11.5
Myanmar,2021,-11.5
Myanmar,2022,-12.4
Namibia,2001,56.2
Namibia,2002,47.9
Namibia,2003,46.9
Namibia,2004,54.3
Namibia,2005,58
Namibia,2006,54.6
Namibia,2007,57.9
Namibia,2008,61.1
Namibia,2009,74.6
Namibia,2010,77
Namibia,2011,78.8
Namibia,2012,75.4
Namibia,2013,72.1
Namibia,2014,75.6
Namibia,2015,77.6
Namibia,2016,80.5
Namibia,2017,81.9
Namibia,2018,85.4
Namibia,2019,81.5
Namibia,2020,80.4
Namibia,2021,74.8
Namibia,2022,78.7
Nepal,2001,1.6
Nepal,2002,0.9
Nepal,2003,1
Nepal,2004,1.3
Nepal,2005,1.9
Nepal,2006,3.1
Nepal,2007,3.3
Nepal,2008,2.8
Nepal,2009,3.2
Nepal,2010,4.5
Nepal,2011,6.3
Nepal,2012,8
Nepal,2013,10.5
Nepal,2014,12.6
Nepal,2015,14.5
Nepal,2016,14.9
Nepal,2017,15.8
Nepal,2018,14.7
Nepal,2019,15.7
Nepal,2020,18.6
Nepal,2021,19.1
Nepal,2022,17.3
Netherlands (Kingdom of the),2001,72.1
Netherlands (Kingdom of the),2002,82.8
Netherlands (Kingdom of the),2003,84.6
Netherlands (Kingdom of the),2004,80
Netherlands (Kingdom of the),2005,77.2
Netherlands (Kingdom of the),2006,82.3
Netherlands (Kingdom of the),2007,83.5
Netherlands (Kingdom of the),2008,84.3
Netherlands (Kingdom of the),2009,80.7
Netherlands (Kingdom of the),2010,84.9
Netherlands (Kingdom of the),2011,87.1
Netherlands (Kingdom of the),2012,87.5
Netherlands (Kingdom of the),2013,86.1
Netherlands (Kingdom of the),2014,85.3
Netherlands (Kingdom of the),2015,85.6
Netherlands (Kingdom of the),2016,86
Netherlands (Kingdom of the),2017,87.5
Netherlands (Kingdom of the),2018,87.9
Netherlands (Kingdom of the),2019,88.3
Netherlands (Kingdom of the),2020,89
Netherlands (Kingdom of the),2021,89.6
Netherlands (Kingdom of the),2022,90.3
New Caledonia,2001,90.2
New Caledonia,2002,89.9
New Caledonia,2003,90.1
New Caledonia,2004,89.1
New Caledonia,2005,90.7
New Caledonia,2006,90.4
New Caledonia,2007,91.7
New Caledonia,2008,92.3
New Caledonia,2009,93.1
New Caledonia,2010,93.3
New Caledonia,2011,93
New Caledonia,2012,93.9
New Caledonia,2013,91.6
New Caledonia,2014,90.1
New Caledonia,2015,88.8
New Caledonia,2016,88
New Caledonia,2017,87.1
New Caledonia,2018,87.4
New Caledonia,2019,87.5
New Caledonia,2020,87.8
New Caledonia,2021,88.1
New Caledonia,2022,91.7
New Zealand,2001,31.1
New Zealand,2002,33.1
New Zealand,2003,34.8
New Zealand,2004,35.7
New Zealand,2005,38.2
New Zealand,2006,36.8
New Zealand,2007,35.5
New Zealand,2008,31.7
New Zealand,2009,29.7
New Zealand,2010,29.1
New Zealand,2011,34
New Zealand,2012,37.1
New Zealand,2013,40.8
New Zealand,2014,42.5
New Zealand,2015,42
New Zealand,2016,43.5
New Zealand,2017,45.6
New Zealand,2018,49.6
New Zealand,2019,47.8
New Zealand,2020,46.2
New Zealand,2021,46.8
New Zealand,2022,48.1
Nicaragua,2001,27.4
Nicaragua,2002,25.7
Nicaragua,2003,25.6
Nicaragua,2004,26.8
Nicaragua,2005,29.2
Nicaragua,2006,32.5
Nicaragua,2007,35.4
Nicaragua,2008,36.7
Nicaragua,2009,34.5
Nicaragua,2010,31.7
Nicaragua,2011,29.9
Nicaragua,2012,38.6
Nicaragua,2013,40.9
Nicaragua,2014,46
Nicaragua,2015,39.7
Nicaragua,2016,40.6
Nicaragua,2017,40.5
Nicaragua,2018,41.1
Nicaragua,2019,43.8
Nicaragua,2020,45.3
Nicaragua,2021,49.1
Nicaragua,2022,50.5
Niger,2001,9.4
Niger,2002,9.1
Niger,2003,9.2
Niger,2004,9.8
Niger,2005,9.9
Niger,2006,9
Niger,2007,7.7
Niger,2008,7.3
Niger,2009,8
Niger,2010,9.4
Niger,2011,11.5
Niger,2012,13.5
Niger,2013,14.6
Niger,2014,14.8
Niger,2015,11.9
Niger,2016,8.4
Niger,2017,7
Niger,2018,11.1
Niger,2019,15.7
Niger,2020,22.5
Niger,2021,23.9
Niger,2022,24.3
Nigeria,2001,15.2
Nigeria,2002,16
Nigeria,2003,15.5
Nigeria,2004,16.4
Nigeria,2005,16.1
Nigeria,2006,16.4
Nigeria,2007,15.1
Nigeria,2008,15.7
Nigeria,2009,17.6
Nigeria,2010,22
Nigeria,2011,23.8
Nigeria,2012,26.1
Nigeria,2013,24.5
Nigeria,2014,23.2
Nigeria,2015,18.5
Nigeria,2016,17.7
Nigeria,2017,16.5
Nigeria,2018,17.4
Nigeria,2019,16.9
Nigeria,2020,17.8
Nigeria,2021,17
Nigeria,2022,16.3
North Macedonia,2001,28
North Macedonia,2002,27.9
North Macedonia,2003,29.5
North Macedonia,2004,25.7
North Macedonia,2005,22.2
North Macedonia,2006,21.7
North Macedonia,2007,23.4
North Macedonia,2008,26.2
North Macedonia,2009,26.5
North Macedonia,2010,25.7
North Macedonia,2011,29.4
North Macedonia,2012,28.7
North Macedonia,2013,27.7
North Macedonia,2014,27.3
North Macedonia,2015,28.1
North Macedonia,2016,33.2
North Macedonia,2017,30
North Macedonia,2018,31.1
North Macedonia,2019,27.5
North Macedonia,2020,26.5
North Macedonia,2021,25.3
North Macedonia,2022,25.5
Norway,2001,28.8
Norway,2002,31.9
Norway,2003,31.8
Norway,2004,28
Norway,2005,27.9
Norway,2006,32.9
Norway,2007,37.3
Norway,2008,37.1
Norway,2009,43.7
Norway,2010,54.5
Norway,2011,66.7
Norway,2012,70.3
Norway,2013,71
Norway,2014,70.4
Norway,2015,69
Norway,2016,69.1
Norway,2017,74.8
Norway,2018,76.1
Norway,2019,76.7
Norway,2020,73.2
Norway,2021,73.7
Norway,2022,78.3
Oman,2001,100
Oman,2002,90.6
Oman,2003,93.9
Oman,2004,86
Oman,2005,90.2
Oman,2006,91.6
Oman,2007,100
Oman,2008,100
Oman,2009,100
Oman,2010,91
Oman,2011,92.9
Oman,2012,96.5
Oman,2013,96.1
Oman,2014,95.8
Oman,2015,95.1
Oman,2016,95.1
Oman,2017,97.9
Oman,2018,94.6
Oman,2019,93.1
Oman,2020,88.5
Oman,2021,87.8
Oman,2022,88.6
Pakistan,2001,-9.2
Pakistan,2002,-12.1
Pakistan,2003,-10.5
Pakistan,2004,-9.6
Pakistan,2005,-9.4
Pakistan,2006,-11.6
Pakistan,2007,-10.1
Pakistan,2008,-5.9
Pakistan,2009,-9.1
Pakistan,2010,-18.1
Pakistan,2011,-25.6
Pakistan,2012,-24.2
Pakistan,2013,-18.4
Pakistan,2014,-18.6
Pakistan,2015,-17.8
Pakistan,2016,-17.1
Pakistan,2017,-17.1
Pakistan,2018,-18.5
Pakistan,2019,-16.8
Pakistan,2020,-11.7
Pakistan,2021,-8.7
Pakistan,2022,-9.9
Panama,2001,63.6
Panama,2002,61.4
Panama,2003,61.6
Panama,2004,63.1
Panama,2005,64.4
Panama,2006,69.1
Panama,2007,73.2
Panama,2008,72.6
Panama,2009,70.3
Panama,2010,65.6
Panama,2011,67.4
Panama,2012,65.9
Panama,2013,66.9
Panama,2014,68.5
Panama,2015,70.8
Panama,2016,71.7
Panama,2017,69.4
Panama,2018,67.3
Panama,2019,65.7
Panama,2020,63.9
Panama,2021,63.6
Panama,2022,61.9
Papua New Guinea,2011,100
Papua New Guinea,2012,100
Papua New Guinea,2013,100
Papua New Guinea,2014,100
Papua New Guinea,2015,85.6
Papua New Guinea,2016,80.8
Papua New Guinea,2017,92.9
Papua New Guinea,2018,100
Papua New Guinea,2019,100
Papua New Guinea,2020,98
Papua New Guinea,2021,93.7
Papua New Guinea,2022,95.2
Paraguay,2001,-18.2
Paraguay,2002,-46.2
Paraguay,2003,-52.8
Paraguay,2004,-89.6
Paraguay,2005,-125.2
Paraguay,2006,-176
Paraguay,2007,-186.2
Paraguay,2008,-196.1
Paraguay,2009,-159.8
Paraguay,2010,-134.3
Paraguay,2011,100
Paraguay,2012,100
Paraguay,2013,100
Paraguay,2014,-223.8
Paraguay,2015,-208.3
Paraguay,2016,-113.5
Paraguay,2017,-62.1
Paraguay,2018,-70.7
Paraguay,2019,-73.4
Paraguay,2020,-86.6
Paraguay,2021,61.8
Paraguay,2022,-1894.1
Peru,2001,44.7
Peru,2002,44.2
Peru,2003,45.4
Peru,2004,46.1
Peru,2005,48
Peru,2006,48.7
Peru,2007,48.1
Peru,2008,46.7
Peru,2009,45.3
Peru,2010,46.2
Peru,2011,45.8
Peru,2012,45.4
Peru,2013,45.7
Peru,2014,47
Peru,2015,49.5
Peru,2016,51.6
Peru,2017,53
Peru,2018,54.4
Peru,2019,54.3
Peru,2020,54.3
Peru,2021,53.1
Peru,2022,52
Philippines,2001,25.5
Philippines,2002,24.7
Philippines,2003,22.8
Philippines,2004,21.2
Philippines,2005,21.7
Philippines,2006,22.2
Philippines,2007,22
Philippines,2008,22.4
Philippines,2009,22.7
Philippines,2010,20.9
Philippines,2011,18.3
Philippines,2012,15.8
Philippines,2013,16.4
Philippines,2014,17.7
Philippines,2015,20.3
Philippines,2016,21.6
Philippines,2017,23.7
Philippines,2018,27.6
Philippines,2019,30.3
Philippines,2020,31.2
Philippines,2021,30.8
Philippines,2022,30.7
Poland,2001,4.8
Poland,2002,2.4
Poland,2003,1.5
Poland,2004,0.4
Poland,2005,0.2
Poland,2006,1.8
Poland,2007,5
Poland,2008,2.7
Poland,2009,1.3
Poland,2010,0.7
Poland,2011,2.7
Poland,2012,-1.2
Poland,2013,-7
Poland,2014,-13.8
Poland,2015,-16.3
Poland,2016,-15.1
Poland,2017,-11.2
Poland,2018,-8.8
Poland,2019,-14.1
Poland,2020,-19.6
Poland,2021,-22.2
Poland,2022,-31.2
Portugal,2001,67.7
Portugal,2002,70.7
Portugal,2003,70.4
Portugal,2004,75.7
Portugal,2005,77
Portugal,2006,78.2
Portugal,2007,74.8
Portugal,2008,76.7
Portugal,2009,78.7
Portugal,2010,79.4
Portugal,2011,77.8
Portugal,2012,76.3
Portugal,2013,76.4
Portugal,2014,75.4
Portugal,2015,74.7
Portugal,2016,75
Portugal,2017,77.8
Portugal,2018,78.8
Portugal,2019,78.5
Portugal,2020,78
Portugal,2021,80.4
Portugal,2022,80.8
Qatar,2020,97.1
Qatar,2021,99
Qatar,2022,100
Republic of Korea,2001,73.4
Republic of Korea,2002,74.5
Republic of Korea,2003,75.3
Republic of Korea,2004,75.1
Republic of Korea,2005,74.6
Republic of Korea,2006,75.4
Republic of Korea,2007,75.2
Republic of Korea,2008,72.8
Republic of Korea,2009,72.4
Republic of Korea,2010,74.5
Republic of Korea,2011,77.2
Republic of Korea,2012,77.1
Republic of Korea,2013,75.9
Republic of Korea,2014,74.7
Republic of Korea,2015,74.5
Republic of Korea,2016,74.1
Republic of Korea,2017,74.8
Republic of Korea,2018,75.4
Republic of Korea,2019,77
Republic of Korea,2020,77
Republic of Korea,2021,77.8
Republic of Korea,2022,78.5
Republic of Moldova,2001,-9.6
Republic of Moldova,2002,-6.5
Republic of Moldova,2003,-5.1
Republic of Moldova,2004,-2.4
Republic of Moldova,2005,-10.2
Republic of Moldova,2006,-8.1
Republic of Moldova,2007,-3.6
Republic of Moldova,2008,-6.3
Republic of Moldova,2009,-11.8
Republic of Moldova,2010,-12.9
Republic of Moldova,2011,-5
Republic of Moldova,2012,-7.4
Republic of Moldova,2013,-18.6
Republic of Moldova,2014,-32.1
Republic of Moldova,2015,-40.4
Republic of Moldova,2016,-41
Republic of Moldova,2017,-42.6
Republic of Moldova,2018,-45.9
Republic of Moldova,2019,-72.7
Republic of Moldova,2020,-69.4
Republic of Moldova,2021,100
Republic of Moldova,2022,100
Romania,2001,0.6
Romania,2002,4.5
Romania,2003,5.9
Romania,2004,5.6
Romania,2005,-0.8
Romania,2006,-0.8
Romania,2007,-3.5
Romania,2008,-8.6
Romania,2009,-19.3
Romania,2010,-20
Romania,2011,-25.2
Romania,2012,-34.9
Romania,2013,-49.6
Romania,2014,-61.1
Romania,2015,-59.9
Romania,2016,-50.8
Romania,2017,-38.7
Romania,2018,-38
Romania,2019,-49.7
Romania,2020,-61.5
Romania,2021,-81.8
Romania,2022,-138.1
Russian Federation,2001,-3.5
Russian Federation,2002,-10.5
Russian Federation,2003,-11.1
Russian Federation,2004,-10.7
Russian Federation,2005,-10.2
Russian Federation,2006,-17.5
Russian Federation,2007,-17.3
Russian Federation,2008,-23
Russian Federation,2009,-26.3
Russian Federation,2010,-28.6
Russian Federation,2011,-36.7
Russian Federation,2012,-32.8
Russian Federation,2013,-38.2
Russian Federation,2014,-34.4
Russian Federation,2015,-39
Russian Federation,2016,-42.1
Russian Federation,2017,-67.5
Russian Federation,2018,-72
Russian Federation,2019,-73
Russian Federation,2020,-47.4
Russian Federation,2021,-36.5
Russian Federation,2022,-32.1
Rwanda,2001,20.1
Rwanda,2002,17.6
Rwanda,2003,19.4
Rwanda,2004,18.3
Rwanda,2005,21.5
Rwanda,2006,23.6
Rwanda,2007,21.5
Rwanda,2008,23.4
Rwanda,2009,24.1
Rwanda,2010,27.5
Rwanda,2011,25.2
Rwanda,2012,21.4
Rwanda,2013,21.9
Rwanda,2014,24.7
Rwanda,2015,32.1
Rwanda,2016,39.1
Rwanda,2017,41.3
Rwanda,2018,37.2
Rwanda,2019,32.3
Rwanda,2020,28.7
Rwanda,2021,32.5
Rwanda,2022,35.3
Saint Lucia,2001,100
Saint Lucia,2002,100
Saint Lucia,2003,100
Saint Lucia,2004,100
Saint Lucia,2005,100
Saint Lucia,2006,100
Saint Lucia,2007,97.4
Saint Lucia,2008,90.8
Saint Lucia,2009,94.3
Saint Lucia,2010,100
Saint Lucia,2011,100
Saint Lucia,2012,100
Saint Lucia,2013,97.6
Saint Lucia,2014,95.8
Saint Lucia,2015,95.8
Saint Lucia,2016,98.2
Saint Lucia,2017,100
Saint Lucia,2018,100
Saint Lucia,2019,100
Saint Lucia,2020,92.9
Saint Lucia,2021,97.3
Saint Lucia,2022,100
Saint Vincent and the Grenadines,2001,100
Saint Vincent and the Grenadines,2002,100
Saint Vincent and the Grenadines,2003,100
Saint Vincent and the Grenadines,2004,96.3
Saint Vincent and the Grenadines,2005,82.9
Saint Vincent and the Grenadines,2006,85.2
Saint Vincent and the Grenadines,2007,100
Saint Vincent and the Grenadines,2008,100
Saint Vincent and the Grenadines,2009,100
Saint Vincent and the Grenadines,2010,100
Saint Vincent and the Grenadines,2011,100
Saint Vincent and the Grenadines,2012,100
Saint Vincent and the Grenadines,2013,82.6
Saint Vincent and the Grenadines,2014,94.8
Saint Vincent and the Grenadines,2015,100
Saint Vincent and the Grenadines,2016,100
Saint Vincent and the Grenadines,2017,100
Saint Vincent and the Grenadines,2018,100
Saint Vincent and the Grenadines,2019,93.8
Saint Vincent and the Grenadines,2020,87.7
Saint Vincent and the Grenadines,2021,95.3
Saint Vincent and the Grenadines,2022,98.5
Sao Tome and Principe,2011,100
Sao Tome and Principe,2012,100
Sao Tome and Principe,2013,93.5
Sao Tome and Principe,2014,89.5
Sao Tome and Principe,2015,85.7
Saudi Arabia,2001,73
Saudi Arabia,2002,70.9
Saudi Arabia,2003,69.8
Saudi Arabia,2004,72.6
Saudi Arabia,2005,74.6
Saudi Arabia,2006,77.9
Saudi Arabia,2007,79.4
Saudi Arabia,2008,82.6
Saudi Arabia,2009,84.8
Saudi Arabia,2010,86
Saudi Arabia,2011,86.6
Saudi Arabia,2012,89.1
Saudi Arabia,2013,89.5
Saudi Arabia,2014,89.2
Saudi Arabia,2015,88.7
Saudi Arabia,2016,89.8
Saudi Arabia,2017,95.2
Saudi Arabia,2018,94.7
Saudi Arabia,2019,94.5
Saudi Arabia,2020,93.2
Saudi Arabia,2021,91.8
Saudi Arabia,2022,89.3
Senegal,2001,53.1
Senegal,2002,58
Senegal,2003,58
Senegal,2004,58.1
Senegal,2005,54.7
Senegal,2006,58.8
Senegal,2007,58.5
Senegal,2008,57.5
Senegal,2009,50.3
Senegal,2010,52.4
Senegal,2011,55.2
Senegal,2012,60.5
Senegal,2013,60.1
Senegal,2014,57.1
Senegal,2015,54.9
Senegal,2016,48.8
Senegal,2017,47.8
Senegal,2018,46.2
Senegal,2019,45.4
Senegal,2020,45.7
Senegal,2021,45.4
Senegal,2022,45.6
Serbia,2006,-21.8
Serbia,2007,-18.6
Serbia,2008,-20.9
Serbia,2009,-25.4
Serbia,2010,-31.2
Serbia,2011,-79
Serbia,2012,-77.6
Serbia,2013,-79.1
Serbia,2014,-41.2
Serbia,2015,-44.4
Serbia,2016,-63.6
Serbia,2017,-53.7
Serbia,2018,-60.5
Serbia,2019,-51.5
Serbia,2020,-59.2
Serbia,2021,-56.6
Serbia,2022,-41.6
Sierra Leone,2001,36.3
Sierra Leone,2002,38.4
Sierra Leone,2003,30.2
Sierra Leone,2004,24.2
Sierra Leone,2005,21.8
Sierra Leone,2006,24.8
Sierra Leone,2007,29.4
Sierra Leone,2008,26.4
Sierra Leone,2009,24.1
Sierra Leone,2010,19.1
Sierra Leone,2011,20.5
Sierra Leone,2012,22.3
Sierra Leone,2013,24.9
Sierra Leone,2014,31.6
Sierra Leone,2015,36
Sierra Leone,2016,40.8
Sierra Leone,2017,39.8
Sierra Leone,2018,40.6
Sierra Leone,2019,40.2
Sierra Leone,2020,33.6
Sierra Leone,2021,31.6
Sierra Leone,2022,28.2
Slovakia,2001,-4.3
Slovakia,2002,-6.7
Slovakia,2003,-12.7
Slovakia,2004,-20.3
Slovakia,2005,-34.2
Slovakia,2006,-38.1
Slovakia,2007,-30.2
Slovakia,2008,-22.3
Slovakia,2009,-26.3
Slovakia,2010,-28.2
Slovakia,2011,-27
Slovakia,2012,-27.5
Slovakia,2013,-30.3
Slovakia,2014,-50.9
Slovakia,2015,-59.5
Slovakia,2016,-94.3
Slovakia,2017,-74.2
Slovakia,2018,-62.9
Slovakia,2019,-40.7
Slovakia,2020,-53.3
Slovakia,2021,-98.3
Slovakia,2022,-100.7
Slovenia,2001,41
Slovenia,2002,49
Slovenia,2003,47.7
Slovenia,2004,47.6
Slovenia,2005,46.9
Slovenia,2006,47.2
Slovenia,2007,47.2
Slovenia,2008,43.4
Slovenia,2009,40.3
Slovenia,2010,39.9
Slovenia,2011,39.6
Slovenia,2012,44.1
Slovenia,2013,46.5
Slovenia,2014,50.9
Slovenia,2015,49.4
Slovenia,2016,51.1
Slovenia,2017,49.6
Slovenia,2018,46
Slovenia,2019,37.5
Slovenia,2020,32.3
Slovenia,2021,32.6
Slovenia,2022,36.9
Solomon Islands,2001,85.8
Solomon Islands,2002,83.5
Solomon Islands,2003,74.6
Solomon Islands,2004,88.7
Solomon Islands,2005,96.1
Solomon Islands,2006,100
Solomon Islands,2007,100
Solomon Islands,2008,100
Solomon Islands,2009,94.8
Solomon Islands,2010,97.9
Solomon Islands,2011,95.5
Solomon Islands,2012,94.4
Solomon Islands,2021,100
Solomon Islands,2022,100
Somalia,2011,100
Somalia,2012,100
Somalia,2013,86.6
Somalia,2014,93.2
Somalia,2015,98.6
Somalia,2016,94.3
Somalia,2017,91.4
Somalia,2018,87.3
Somalia,2019,88.7
Somalia,2020,88.7
Somalia,2021,89.5
Somalia,2022,91.9
South Africa,2001,6.7
South Africa,2002,7.8
South Africa,2003,12.9
South Africa,2004,8.2
South Africa,2005,10.2
South Africa,2006,12.6
South Africa,2007,15.2
South Africa,2008,10.6
South Africa,2009,5.9
South Africa,2010,7.6
South Africa,2011,13.3
South Africa,2012,13.2
South Africa,2013,12.3
South Africa,2014,13.1
South Africa,2015,24
South Africa,2016,24.6
South Africa,2017,22.7
South Africa,2018,16.8
South Africa,2019,14.8
South Africa,2020,10.1
South Africa,2021,2.7
South Africa,2022,0.7
South Sudan,2020,28.1
South Sudan,2021,26.2
South Sudan,2022,22.7
Spain,2001,26.6
Spain,2002,27.7
Spain,2003,28.4
Spain,2004,32.1
Spain,2005,36.3
Spain,2006,38.6
Spain,2007,34.5
Spain,2008,35.6
Spain,2009,36.2
Spain,2010,34.7
Spain,2011,34.9
Spain,2012,32.5
Spain,2013,34.5
Spain,2014,34.2
Spain,2015,36.4
Spain,2016,40.2
Spain,2017,39.6
Spain,2018,43.5
Spain,2019,38
Spain,2020,36.4
Spain,2021,38
Spain,2022,50.3
Sri Lanka,2001,36.7
Sri Lanka,2002,37.4
Sri Lanka,2003,40.7
Sri Lanka,2004,38.9
Sri Lanka,2005,37.2
Sri Lanka,2006,33.7
Sri Lanka,2007,31.1
Sri Lanka,2008,30.2
Sri Lanka,2009,25.2
Sri Lanka,2010,22.5
Sri Lanka,2011,19.2
Sri Lanka,2012,19.1
Sri Lanka,2013,23.6
Sri Lanka,2014,24.7
Sri Lanka,2015,24.8
Sri Lanka,2016,31.8
Sri Lanka,2017,33.8
Sri Lanka,2018,34.6
Sri Lanka,2019,23
Sri Lanka,2020,20.1
Sri Lanka,2021,26.5
Sri Lanka,2022,26.4
Sudan,2012,42.4
Sudan,2013,34.7
Sudan,2014,29.1
Sudan,2015,27.3
Sudan,2016,29.4
Sudan,2017,22.9
Sudan,2018,26.1
Sudan,2019,27.5
Sudan,2020,31.9
Sudan,2021,27.9
Sudan,2022,29
Suriname,2001,8.1
Suriname,2002,13.3
Suriname,2003,16
Suriname,2004,20.2
Suriname,2005,21.6
Suriname,2006,22.7
Suriname,2007,21.4
Suriname,2008,18.3
Suriname,2009,2.2
Suriname,2010,-1.7
Suriname,2011,-16.4
Suriname,2012,-14.4
Suriname,2013,-22.2
Suriname,2014,-10.8
Suriname,2015,-10.9
Suriname,2016,-6.6
Suriname,2017,-11.4
Suriname,2018,-13.3
Suriname,2019,-14.8
Suriname,2020,-17.5
Suriname,2021,-8.2
Suriname,2022,-4.3
Sweden,2001,-24.2
Sweden,2002,-24.4
Sweden,2003,-21.2
Sweden,2004,-24
Sweden,2005,-22.8
Sweden,2006,-21.9
Sweden,2007,-20.8
Sweden,2008,-17.4
Sweden,2009,-15.7
Sweden,2010,-11.4
Sweden,2011,-9.3
Sweden,2012,-6.9
Sweden,2013,-12.7
Sweden,2014,-18.2
Sweden,2015,-27
Sweden,2016,-25
Sweden,2017,-19.1
Sweden,2018,-9.6
Sweden,2019,-13.1
Sweden,2020,-17.2
Sweden,2021,-19.2
Sweden,2022,-13.4
Switzerland,2001,38.6
Switzerland,2002,42.4
Switzerland,2003,44.1
Switzerland,2004,42.6
Switzerland,2005,40.8
Switzerland,2006,43.4
Switzerland,2007,47.9
Switzerland,2008,49.4
Switzerland,2009,51.7
Switzerland,2010,54.4
Switzerland,2011,57.3
Switzerland,2012,58.6
Switzerland,2013,58.4
Switzerland,2014,59.9
Switzerland,2015,62.5
Switzerland,2016,63.1
Switzerland,2017,63.3
Switzerland,2018,61.2
Switzerland,2019,60.4
Switzerland,2020,61.2
Switzerland,2021,61.8
Switzerland,2022,64.6
Syrian Arab Republic,2011,42.1
Syrian Arab Republic,2012,38.2
Syrian Arab Republic,2013,41.8
Syrian Arab Republic,2014,40.9
Syrian Arab Republic,2015,43.5
Syrian Arab Republic,2016,39
Syrian Arab Republic,2017,52.1
Syrian Arab Republic,2018,43.8
Syrian Arab Republic,2019,38
Syrian Arab Republic,2020,33.7
Syrian Arab Republic,2021,48
Syrian Arab Republic,2022,49.8
Tajikistan,2001,35.9
Tajikistan,2002,34.9
Tajikistan,2003,36.8
Tajikistan,2004,39
Tajikistan,2005,44.2
Tajikistan,2006,49.3
Tajikistan,2007,51.1
Tajikistan,2008,50
Tajikistan,2009,44.7
Tajikistan,2010,43.3
Tajikistan,2011,44.5
Tajikistan,2012,46
Tajikistan,2013,45
Tajikistan,2014,43.9
Tajikistan,2015,45.9
Tajikistan,2016,45.9
Tajikistan,2017,48.3
Tajikistan,2018,49
Tajikistan,2019,51
Tajikistan,2020,49.2
Tajikistan,2021,48.5
Tajikistan,2022,48.4
Thailand,2001,-39.9
Thailand,2002,-45.5
Thailand,2003,-50.9
Thailand,2004,-49.2
Thailand,2005,-46
Thailand,2006,-41.7
Thailand,2007,-47.6
Thailand,2008,-50.1
Thailand,2009,-46.2
Thailand,2010,-45
Thailand,2011,-35
Thailand,2012,-30
Thailand,2013,-38.7
Thailand,2014,-47.6
Thailand,2015,-51.4
Thailand,2016,-48.3
Thailand,2017,-53.1
Thailand,2018,-50.4
Thailand,2019,-29.7
Thailand,2020,-13.1
Thailand,2021,-12.6
Thailand,2022,-18.5
Timor-Leste,2001,33.2
Timor-Leste,2002,31.2
Timor-Leste,2003,30.1
Timor-Leste,2004,27
Timor-Leste,2005,24.9
Timor-Leste,2006,21.4
Timor-Leste,2007,19.4
Timor-Leste,2008,15.3
Timor-Leste,2009,21.2
Timor-Leste,2010,30.7
Timor-Leste,2011,42
Timor-Leste,2012,44.4
Timor-Leste,2013,44.3
Timor-Leste,2014,38
Timor-Leste,2015,37
Timor-Leste,2016,37
Timor-Leste,2017,45.6
Timor-Leste,2018,47.7
Togo,2001,14.1
Togo,2002,16.6
Togo,2003,18.8
Togo,2004,18.3
Togo,2005,18.3
Togo,2006,16.2
Togo,2007,14.2
Togo,2008,13.6
Togo,2009,13.6
Togo,2010,17.3
Togo,2011,18.9
Togo,2012,22
Togo,2013,22.2
Togo,2014,25
Togo,2015,26.9
Togo,2016,29.9
Togo,2017,31.6
Togo,2018,33.3
Togo,2019,36
Togo,2020,35.9
Togo,2021,35.5
Togo,2022,34.6
Tonga,2021,96
Trinidad and Tobago,2001,94.6
Trinidad and Tobago,2002,97.4
Trinidad and Tobago,2003,98.9
Trinidad and Tobago,2004,100
Trinidad and Tobago,2005,97.1
Trinidad and Tobago,2006,92.6
Trinidad and Tobago,2007,92.3
Trinidad and Tobago,2008,99.9
Trinidad and Tobago,2009,100
Trinidad and Tobago,2010,97.2
Trinidad and Tobago,2011,93.7
Trinidad and Tobago,2012,92.2
Trinidad and Tobago,2013,91.2
Trinidad and Tobago,2014,95.1
Trinidad and Tobago,2015,100
Trinidad and Tobago,2016,100
Trinidad and Tobago,2017,100
Trinidad and Tobago,2018,100
Trinidad and Tobago,2019,100
Trinidad and Tobago,2020,100
Trinidad and Tobago,2021,100
Trinidad and Tobago,2022,100
Tunisia,2001,70.1
Tunisia,2002,69.3
Tunisia,2003,63.2
Tunisia,2004,54.5
Tunisia,2005,55.8
Tunisia,2006,61.3
Tunisia,2007,68.1
Tunisia,2008,61.4
Tunisia,2009,65
Tunisia,2010,57.8
Tunisia,2011,60.4
Tunisia,2012,60.8
Tunisia,2013,62.2
Tunisia,2014,70.3
Tunisia,2015,69.9
Tunisia,2016,74.4
Tunisia,2017,72.9
Tunisia,2018,66.4
Tunisia,2019,67.8
Tunisia,2020,67.9
Tunisia,2021,71.8
Tunisia,2022,87
Türkiye,2001,1.1
Türkiye,2002,3.8
Türkiye,2003,5.5
Türkiye,2004,0.9
Türkiye,2005,-4.8
Türkiye,2006,-4.5
Türkiye,2007,2.1
Türkiye,2008,5.3
Türkiye,2009,6.6
Türkiye,2010,8.1
Türkiye,2011,13
Türkiye,2012,16.3
Türkiye,2013,21.1
Türkiye,2014,24
Türkiye,2015,27.1
Türkiye,2016,29
Türkiye,2017,31.1
Türkiye,2018,34.7
Türkiye,2019,35.2
Türkiye,2020,38.4
Türkiye,2021,36.8
Türkiye,2022,35
Turkmenistan,2011,10.5
Turkmenistan,2012,11.3
Turkmenistan,2013,11.4
Turkmenistan,2014,10.8
Turkmenistan,2015,9.4
Turkmenistan,2016,6.8
Turkmenistan,2017,12.1
Turkmenistan,2018,14.7
Turkmenistan,2019,15.3
Turkmenistan,2020,12.3
Turkmenistan,2021,14.6
Turkmenistan,2022,22.4
Uganda,2001,5.9
Uganda,2002,6.7
Uganda,2003,11.2
Uganda,2004,14.1
Uganda,2005,15.8
Uganda,2006,15.3
Uganda,2007,13.7
Uganda,2008,12
Uganda,2009,9.6
Uganda,2010,9.3
Uganda,2011,9.1
Uganda,2012,9.3
Uganda,2013,9.1
Uganda,2014,6.6
Uganda,2015,6.4
Uganda,2016,5.6
Uganda,2017,5.8
Uganda,2018,8
Uganda,2019,9.7
Uganda,2020,16.3
Uganda,2021,16.8
Uganda,2022,15.3
Ukraine,2001,-23.5
Ukraine,2002,-23.2
Ukraine,2003,-23.3
Ukraine,2004,-23.6
Ukraine,2005,-38
Ukraine,2006,-36.1
Ukraine,2007,-36.7
Ukraine,2008,-62.5
Ukraine,2009,-72
Ukraine,2010,-66
Ukraine,2011,-81.8
Ukraine,2012,-91.8
Ukraine,2013,-115.2
Ukraine,2014,-117.1
Ukraine,2015,-156.7
Ukraine,2016,-207.1
Ukraine,2017,-202.1
Ukraine,2018,-243.3
Ukraine,2019,-302.1
Ukraine,2020,-284.4
Ukraine,2021,-310.9
Ukraine,2022,-298.4
United Arab Emirates,2001,100
United Arab Emirates,2002,100
United Arab Emirates,2003,100
United Arab Emirates,2004,100
United Arab Emirates,2005,100
United Arab Emirates,2006,100
United Arab Emirates,2007,100
United Arab Emirates,2008,92.8
United Arab Emirates,2009,93.7
United Arab Emirates,2010,94.4
United Arab Emirates,2011,99.4
United Arab Emirates,2012,100
United Arab Emirates,2013,99.4
United Arab Emirates,2014,98.4
United Arab Emirates,2015,95.4
United Arab Emirates,2016,94.4
United Arab Emirates,2017,98.3
United Arab Emirates,2018,100
United Arab Emirates,2019,100
United Arab Emirates,2020,96.5
United Arab Emirates,2021,97.7
United Arab Emirates,2022,100
United Kingdom of Great Britain and Northern Ireland,2001,-2.8
United Kingdom of Great Britain and Northern Ireland,2002,-2.2
United Kingdom of Great Britain and Northern Ireland,2003,-4.2
United Kingdom of Great Britain and Northern Ireland,2004,-5.2
United Kingdom of Great Britain and Northern Ireland,2005,-1.6
United Kingdom of Great Britain and Northern Ireland,2006,1.3
United Kingdom of Great Britain and Northern Ireland,2007,1.8
United Kingdom of Great Britain and Northern Ireland,2008,1.4
United Kingdom of Great Britain and Northern Ireland,2009,2.8
United Kingdom of Great Britain and Northern Ireland,2010,7.1
United Kingdom of Great Britain and Northern Ireland,2011,16.6
United Kingdom of Great Britain and Northern Ireland,2012,24.1
United Kingdom of Great Britain and Northern Ireland,2013,25.7
United Kingdom of Great Britain and Northern Ireland,2014,20.8
United Kingdom of Great Britain and Northern Ireland,2015,14.4
United Kingdom of Great Britain and Northern Ireland,2016,15.7
United Kingdom of Great Britain and Northern Ireland,2017,20.1
United Kingdom of Great Britain and Northern Ireland,2018,21.6
United Kingdom of Great Britain and Northern Ireland,2019,25.7
United Kingdom of Great Britain and Northern Ireland,2020,25.6
United Kingdom of Great Britain and Northern Ireland,2021,27.2
United Kingdom of Great Britain and Northern Ireland,2022,23.8
United Republic of Tanzania,2001,9.4
United Republic of Tanzania,2002,8.8
United Republic of Tanzania,2003,9.6
United Republic of Tanzania,2004,10.1
United Republic of Tanzania,2005,12.6
United Republic of Tanzania,2006,11.4
United Republic of Tanzania,2007,10.7
United Republic of Tanzania,2008,10.2
United Republic of Tanzania,2009,10.3
United Republic of Tanzania,2010,11.5
United Republic of Tanzania,2011,9.6
United Republic of Tanzania,2012,9
United Republic of Tanzania,2013,6.8
United Republic of Tanzania,2014,6.4
United Republic of Tanzania,2015,6.1
United Republic of Tanzania,2016,6.6
United Republic of Tanzania,2017,3.6
United Republic of Tanzania,2018,3.4
United Republic of Tanzania,2019,2
United Republic of Tanzania,2020,0.5
United Republic of Tanzania,2021,-0.9
United Republic of Tanzania,2022,1.8
United States of America,2001,-31.6
United States of America,2002,-30.6
United States of America,2003,-30.6
United States of America,2004,-29.7
United States of America,2005,-30.6
United States of America,2006,-30.7
United States of America,2007,-30.5
United States of America,2008,-27
United States of America,2009,-25.3
United States of America,2010,-25.1
United States of America,2011,-24.2
United States of America,2012,-19.5
United States of America,2013,-17
United States of America,2014,-16.9
United States of America,2015,-18.8
United States of America,2016,-19.7
United States of America,2017,-21.6
United States of America,2018,-21.6
United States of America,2019,-21.6
United States of America,2020,-22
United States of America,2021,-23.5
United States of America,2022,-20.3
Uruguay,2001,-81.3
Uruguay,2002,-73.4
Uruguay,2003,-61.9
Uruguay,2004,-78.3
Uruguay,2005,-94
Uruguay,2006,-105.8
Uruguay,2007,-106.9
Uruguay,2008,-122
Uruguay,2009,-273
Uruguay,2010,-282.5
Uruguay,2011,-361.2
Uruguay,2012,-309.2
Uruguay,2013,-306.2
Uruguay,2014,-192.7
Uruguay,2015,-92
Uruguay,2016,-75.9
Uruguay,2017,-73
Uruguay,2018,-62.2
Uruguay,2019,-68.7
Uruguay,2020,-73.2
Uruguay,2021,-72.2
Uruguay,2022,-60.5
Uzbekistan,2001,13.2
Uzbekistan,2002,8.6
Uzbekistan,2003,3.7
Uzbekistan,2004,3.9
Uzbekistan,2005,5.8
Uzbekistan,2006,11
Uzbekistan,2007,13.7
Uzbekistan,2008,15.7
Uzbekistan,2009,16.7
Uzbekistan,2010,19.3
Uzbekistan,2011,22.8
Uzbekistan,2012,23.5
Uzbekistan,2013,23.3
Uzbekistan,2014,22.8
Uzbekistan,2015,25.2
Uzbekistan,2016,25.6
Uzbekistan,2017,31.8
Uzbekistan,2018,33.2
Uzbekistan,2019,34.1
Uzbekistan,2020,28.5
Uzbekistan,2021,27.7
Uzbekistan,2022,28
Vanuatu,2001,96.4
Vanuatu,2002,96.7
Vanuatu,2003,98.4
Vanuatu,2004,97
Vanuatu,2005,97.1
Vanuatu,2006,94.4
Vanuatu,2007,91.6
Vanuatu,2008,89
Vanuatu,2009,91
Vanuatu,2010,94.3
Vanuatu,2011,97.3
Vanuatu,2012,98.2
Vanuatu,2013,99.1
Vanuatu,2014,99.2
Vanuatu,2015,98.6
Vanuatu,2016,93.6
Vanuatu,2017,93.2
Vanuatu,2018,100
Vanuatu,2019,100
Vanuatu,2020,100
Vanuatu,2021,98.2
Vanuatu,2022,98.2
Venezuela (Bolivarian Republic of),2001,49.6
Venezuela (Bolivarian Republic of),2002,45.9
Venezuela (Bolivarian Republic of),2003,43.3
Venezuela (Bolivarian Republic of),2004,42.4
Venezuela (Bolivarian Republic of),2005,37.7
Venezuela (Bolivarian Republic of),2006,37.6
Venezuela (Bolivarian Republic of),2007,42
Venezuela (Bolivarian Republic of),2008,48.9
Venezuela (Bolivarian Republic of),2009,52.7
Venezuela (Bolivarian Republic of),2010,52.3
Venezuela (Bolivarian Republic of),2011,52.9
Venezuela (Bolivarian Republic of),2012,53.4
Venezuela (Bolivarian Republic of),2013,54.1
Venezuela (Bolivarian Republic of),2014,57
Venezuela (Bolivarian Republic of),2015,60.8
Venezuela (Bolivarian Republic of),2016,65.9
Venezuela (Bolivarian Republic of),2017,62.5
Venezuela (Bolivarian Republic of),2018,65.8
Venezuela (Bolivarian Republic of),2019,61.4
Venezuela (Bolivarian Republic of),2020,60.3
Venezuela (Bolivarian Republic of),2021,51.7
Venezuela (Bolivarian Republic of),2022,49.3
Viet Nam,2001,-12
Viet Nam,2002,-11.7
Viet Nam,2003,-10.9
Viet Nam,2004,-13.1
Viet Nam,2005,-13.1
Viet Nam,2006,-12.5
Viet Nam,2007,-11.2
Viet Nam,2008,-10.9
Viet Nam,2009,-12.8
Viet Nam,2010,-15
Viet Nam,2011,-18.7
Viet Nam,2012,-18.3
Viet Nam,2013,-13.1
Viet Nam,2014,-4.8
Viet Nam,2015,5.2
Viet Nam,2016,9.1
Viet Nam,2017,12.4
Viet Nam,2018,11.9
Viet Nam,2019,14
Viet Nam,2020,15.1
Viet Nam,2021,15.4
Viet Nam,2022,15.4
Yemen,2001,80.5
Yemen,2002,79.5
Yemen,2003,80.4
Yemen,2004,81
Yemen,2005,84.4
Yemen,2006,86.7
Yemen,2007,85.3
Yemen,2008,86.3
Yemen,2009,83.9
Yemen,2010,88.2
Yemen,2011,83.3
Yemen,2012,85
Yemen,2013,80.4
Yemen,2014,85.7
Yemen,2015,89.2
Yemen,2016,94.9
Yemen,2017,96.8
Yemen,2018,94.9
Yemen,2019,94
Yemen,2020,88.4
Yemen,2021,90.8
Yemen,2022,93.4
Zambia,2001,9
Zambia,2002,11.8
Zambia,2003,10.5
Zambia,2004,8.1
Zambia,2005,9
Zambia,2006,3.8
Zambia,2007,-2.8
Zambia,2008,-7.2
Zambia,2009,-4.4
Zambia,2010,-6.4
Zambia,2011,-16.3
Zambia,2012,-17.8
Zambia,2013,-13.5
Zambia,2014,-18.3
Zambia,2015,-22.9
Zambia,2016,-23
Zambia,2017,-9
Zambia,2018,-1
Zambia,2019,0.6
Zambia,2020,-1.2
Zambia,2021,-10
Zambia,2022,-9.7
Zimbabwe,2001,11.7
Zimbabwe,2002,22.6
Zimbabwe,2003,31.6
Zimbabwe,2004,23.8
Zimbabwe,2005,28.7
Zimbabwe,2006,28.8
Zimbabwe,2007,37.8
Zimbabwe,2008,46.4
Zimbabwe,2009,50.2
Zimbabwe,2010,53.6
Zimbabwe,2011,46.3
Zimbabwe,2012,49.7
Zimbabwe,2013,49.4
Zimbabwe,2014,56.5
Zimbabwe,2015,61.9
Zimbabwe,2016,55.4
Zimbabwe,2017,41.6
Zimbabwe,2018,37.8
Zimbabwe,2019,42.4
Zimbabwe,2020,43.8
Zimbabwe,2021,37.4
Zimbabwe,2022,41.5
